# Verse Scroll's backgrounds: free photos from Unsplash (unsplash.com/license), by the kind of scene they
# show (the kinds SceneMatcher matches a verse's words to) and their Unsplash photo id.
# kind	photo id
ridges	1506905925346-21bda4d32df4
ridges	1464822759023-fed622ff2c3b
ridges	1508739773434-c26b3d09e071
ridges	1505765050516-f72dcac9c60e
ridges	1500964757637-c85e8a162699
ridges	1486870591958-9b9d0d1dda99
ridges	1483728642387-6c3bdd6c93e5
ridges	1477346611705-65d1883cee1e
ridges	1519904981063-b0cf448d479e
ridges	1508108712903-49b7ef9b1df8
ridges	1490604001847-b712b0c2f967
ridges	1542224566-6e85f2e6772f
ridges	1498429089284-41f8cf3ffd39
lake	1473448912268-2022ce9509d8
lake	1439853949127-fa647821eba0
lake	1497436072909-60f360e1d4b1
lake	1494500764479-0c8f2919a3d8
lake	1465056836041-7f43ac27dcb5
lake	1464278533981-50106e6176b1
lake	1477322524744-0eece9e79640
lake	1528184039930-bd03972bd974
lake	1503614472-8c93d56e92ce
lake	1493246507139-91e8fad9978e
sea	1507525428034-b723cf961d3e
sea	1505142468610-359e7d316be0
sea	1475924156734-496f6cac6ec1
sea	1414609245224-afa02bfb3fda
sea	1510414842594-a61c69b5ae57
sea	1518837695005-2083093ee35b
sea	1473116763249-2faaef81ccda
sea	1500375592092-40eb2168fd21
sea	1432405972618-c60b0225b8f9
sea	1437482078695-73f5ca6c96e2
sea	1540206395-68808572332f
sea	1497449493050-aad1e7cad165
sea	1547036967-23d11aacaee0
sea	1506744038136-46273834b3fb
forest	1441974231531-c6227db76b6e
forest	1418065460487-3e41a6c84dc5
forest	1502082553048-f009c37129b9
forest	1482192596544-9eb780fc7f66
forest	1446329813274-7c9036bd9a1f
forest	1425913397330-cf8af2ff40a1
forest	1542273917363-3b1817f69a2d
forest	1462143338528-eca9936a4d09
forest	1523712999610-f77fbcfc3843
forest	1500829243541-74b677fecc30
forest	1518495973542-4542c06a5843
forest	1511884642898-4c92249e20b6
forest	1484402628941-0bb40fc029e7
hills	1470071459604-3b5ec3a7fe05
hills	1465146344425-f00d5f5c8f07
hills	1500534314209-a25ddb2bd429
hills	1501854140801-50d01698950b
hills	1499002238440-d264edd596ec
hills	1470240731273-7821a6eeb6bd
hills	1506260408121-e353d10b87c7
hills	1484318571209-661cf29a69c3
hills	1444930694458-01babf71870c
wheat	1500382017468-9049fed747ef
wheat	1499529112087-3cb3b73cec95
wheat	1437252611977-07f74518abd7
wheat	1501430654243-c934cec2e1c0
wheat	1498408040764-ab6eb772a145
wheat	1560493676-04071c5f467b
wheat	1543257580-7269da773bf5
wheat	1563514227147-6d2ff665a6a0
wheat	1470252649378-9c29740c9fa8
desert	1509316785289-025f5b846b35
desert	1473580044384-7ba9967e16a0
desert	1431794062232-2a99a5431c6c
desert	1547234935-80c7145ec969
desert	1542401886-65d6c61db217
desert	1474044159687-1ee9f3a51722
desert	1547235001-d703406d3f17
snow	1454496522488-7a8e488e8606
snow	1491002052546-bf38f186af56
snow	1458668383970-8ddd3927deed
snow	1418985991508-e47386d96a71
snow	1483664852095-d6cc6870702d
snow	1516431883659-655d41c09bf9
snow	1445543949571-ffc3e0e2f55e
snow	1512273222628-4daea6e55abb
snow	1455156218388-5e61b526818b
night	1519681393784-d120267933ba
night	1419242902214-272b3f66ee7a
night	1488866022504-f2584929ca5f
night	1507400492013-162706c8c05e
night	1509773896068-7fd415d91e2e
night	1505506874110-6a7a69069a08
night	1529963183134-61a90db47eaf
night	1543722530-d2c3201371e7
night	1531366936337-7c912a4589a7
light	1490682143684-14369e18dce8
light	1418489098061-ce87b5dc3aee
light	1517685352821-92cf88aee5a5
light	1513002749550-c59d786b8e6c
light	1499346030926-9a72daac6c63
light	1472120435266-53107fd0c44a
light	1546514355-7fdc90ccbd03
light	1475113548554-5a36f1f523d6
light	1536514498073-50e69d39c6cf
light	1500534623283-312aade485b7
light	1510784722466-f2aa9c52fff6
light	1494548162494-384bba4ab999
light	1428908728789-d2de25dbd4e2
light	1532274402911-5a369e4c4bb5
