# Greek word<TAB>the Hebrew words the Septuagint translates with it, from Abbott-Smith's notes in STEPBible's
# TBESG ("in LXX chiefly for ...", kept as make_search_data.py's Septuagint section says)<TAB>the Hebrew
# words it comes from, as Strong's says ("of Hebrew origin (H4899)").
G0002		H0175
G0003		H0011
G0005		H0002
G0006		H1893
G0007		H0029
G0008		H0054
G0010		H0031
G0011		H0085
G0012	H8415 H6683 H4688	
G0015	H3190	
G0018	H2896	
G0019	H2898	
G0020	H1523	
G0021	H1523	
G0025	H0157	
G0026	H0160	
G0027	H3039	
G0028		H1904
G0030	H3627	
G0031	H8052	
G0032	H4397	
G0037	H6944	
G0038	H4720	
G0039	H6944	
G0040	H6944	
G0044	H2443	
G0050	H7683	
G0051	H4870	
G0052	H0817	
G0053	H2889	
G0059	H7666	
G0069	H8245	
G0071	H0935 H5090	
G0076		H0121
G0080	H0251	
G0086	H7585	
G0092	H5771	
G0093	H5771 H5766	
G0094	H5765	
G0096	H5509	
G0103	H7891	
G0104	H8548	
G0105	H5404	
G0106	H4682	
G0108		H0795
G0123	H2348	
G0128	H3568	
G0129	H1818	
G0131	H1739	
G0133	H8426	
G0134	H1984	
G0136	H1984	
G0138	H0977	
G0139	H5071	
G0140	H0977	
G0142	H5376	
G0144	H1847	
G0152	H1322	
G0154	H7592	
G0155	H7596	
G0161	H7628	
G0162	H7617	
G0163	H7617	
G0164	H7617	
G0165	H5703	
G0167	H2932	
G0169	H2930	
G0172	H6612	
G0173	H6975	
G0175	H6757	
G0181	H4072	
G0189	H8088	
G0191	H8085	
G0195	H3330	
G0196	H3330	
G0200	H0697	
G0202	H3908	
G0203	H6190	
G0204	H6438	
G0211	H6747	
G0214	H7321	
G0216	H0481 H0483	
G0217	H4416	
G0218	H4886 H5480	
G0220	H2223	
G0224	H7058	
G0225	H0571	
G0229	H2912	
G0230	H0544	
G0231	H1728	
G0232	H1770	
G0233	H4414	
G0236	H2498	
G0241	H2114	
G0242	H1801	
G0243	H0312 H0258	
G0245	H2114 H5236 H0312	
G0246	H6429	
G0248	H1758	
G0252	H4416	
G0257	H1637	
G0258	H7776	
G0259	H8610	
G0264	H2398 H0817	
G0265	H2403 H5771	
G0266	H2403	
G0268	H7563	
G0273	H8535	
G0281		H0543
G0284		H5992
G0285	H2344	
G0286	H3532	
G0288	H1612	
G0290	H3754	
G0293	H2764	
G0296	H0759	
G0299	H8549	
G0301		H0531
G0305	H5927	
G0309	H6495	
G0310	H6817 H2199 H7123	
G0312	H5046	
G0314	H7123	
G0315	H7860	
G0318	H4689	
G0319	H3045	
G0320	H4744	
G0327	H1875 H1245	
G0328	H2296	
G0330	H6524	
G0331	H2764	
G0337	H2026 H4193 H5221	
G0338	H5355	
G0340	H2318	
G0344	H7725	
G0349	H7123	
G0350	H2713	
G0352	H5375	
G0353	H5376	
G0362	H6960	
G0363	H2142	
G0364	H2143	
G0367		H2608
G0370	H2151	
G0372	H5117	
G0373	H5117 H7599	
G0377	H3766	
G0378	H4390	
G0380	H6566	
G0386	H6965 H7012	
G0387	H1759	
G0389	H0584	
G0390	H7725	
G0393	H6779 H2224	
G0394	H2763	
G0395	H4217	
G0398	H1570	
G0404	H5314	
G0415	H0393	
G0424	H1980	
G0430	H0662	
G0431	H1121	
G0435	H0376	
G0437	H3034	
G0438	H6731	
G0442	H0120 H0582	
G0444	H0376	
G0450	H6965	
G0451		H2584
G0452		H2608
G0453	H0191	
G0454	H0200	
G0455	H6605	
G0456	H1129	
G0458	H5771 H7562	
G0459	H7562	
G0468	H1576	
G0469	H1576	
G0470	H6030	
G0480	H7853	
G0481	H5048	
G0485	H7379	
G0501	H7579	
G0504	H6723	
G0511	H4605	
G0515	H1156	
G0518	H5046	
G0519	H2614	
G0520	H5090	
G0523	H5065	
G0525	H5493	
G0527	H7390	
G0528	H6293	
G0529	H7122	
G0533	H3988	
G0536	H8641	
G0538	H5377	
G0547	H1606	
G0560	H0034	
G0564	H6189	
G0565	H1980	
G0568	H7368	
G0574	H8537	
G0577	H5034	
G0583	H3789	
G0586	H6237	
G0591	H4377 H5414	
G0593	H3988	
G0598	H3905	
G0599	H4191	
G0600	H7725	
G0601	H1540	
G0602	H6172	
G0608	H5462	
G0609	H7112 H3772	
G0611	H6030	
G0613	H5641	
G0614	H5643	
G0615	H2026 H4193	
G0617	H1556	
G0620	H3498	
G0622	H0006	
G0628	H7364	
G0632	H2505	
G0633	H7364	
G0634	H5307	
G0638	H2614	
G0640	H0928	
G0641	H7993	
G0645	H5423	
G0647	H3748	
G0649	H7971	
G0654	H7725	
G0657	H2976	
G0660	H5287	
G0669	H5012	
G0673	H4662	
G0681	H5060	
G0683	H2186	
G0684	H0343	
G0685	H0423	
G0688		H6152
G0689		H7410
G0692	H4551	
G0693	H3701	
G0694	H3701	
G0695	H6884	
G0696	H3701	
G0701	H3474	
G0703	H8416	
G0704	H3532	
G0705	H6485	
G0706	H4557	
G0707		H7414
G0714	H1952	
G0715	H1677	
G0716	H7393	
G0720	H3584	
G0721	H3532	
G0724	H1498	
G0726	H1497	
G0727	H2963	
G0728		H6162
G0730	H2145	
G0732	H2470	
G0740	H3899	
G0742		H0775
G0744	H6924	
G0747	H5387	
G0749	H3548	
G0753	H2796	
G0758	H5387 H8269	
G0759	H1314	
G0760		H0609
G0765	H7561	
G0767	H5848	
G0768		H0836
G0769	H3782	
G0770	H3782	
G0772	H6041	
G0779	H2573 H4997	
G0785	H6620	
G0792	H3556	
G0796	H1300	
G0798	H3556	
G0801	H5036	
G0802	H0898	
G0804	H0833	
G0806	H0983	
G0808	H6172	
G0810	H2151	
G0811	H5637	
G0815	H6185	
G0818	H0936	
G0819	H3639 H7036	
G0820	H1097	
G0827	H5054	
G0835	H3885	
G0836	H2485	
G0839	H4279	
G0844	H5599	
G0847	H6311	
G0851	H5493 H3772	
G0860	H5061	
G0863	H5545	
G0864	H0935	
G0868	H5493	
G0870	H6343	
G0873	H0914	
G0874	H1995	
G0877	H0200 H5039	
G0878	H3684 H5036	
G0881		H0271
G0888	H8217	
G0889	H0444	
G0892	H8401	
G0896		H1168
G0897		H0894
G0899	H4688	
G0901	H6013	
G0903		H1109
G0904		H1111
G0905	H6872 H3599	
G0906	H7760 H3032	
G0911	H2881	
G0913		H1301
G0914		H1296
G0916	H3515	
G0926	H3515	
G0931	H3639	
G0932	H4467	
G0935	H4428	
G0936	H4427	
G0938	H4436	
G0939	H0134	
G0941	H5375	
G0942	H5572	
G0943		H1324
G0946	H8262	
G0948	H8262	
G0951	H6783	
G0952	H2455	
G0954		H1176
G0955		H1100
G0956	H2671	
G0957	H2895	
G0958		H1144
G0965		H1036
G0970	H6531	
G0971	H6484	
G0975	H5612	
G0976	H5612	
G0977	H0398	
G0980	H2416	
G0985	H6779	
G0987	H1442 H0560	
G0988	H5007	
G0991	H7200	
G0994	H2199	
G0995	H2201	
G0996	H5828	
G0997	H5826	
G0999	H6354	
G1003		H1162
G1004	H2916	
G1005	H6828	
G1006	H7462	
G1007		H1160
G1008	H6212 H1877 H2682	
G1009	H0812	
G1010	H3289	
G1011	H3289	
G1012	H6098	
G1013	H1847	
G1015	H1389	
G1016	H1241	
G1019	H4102 H0309	
G1023	H2220	
G1024	H4592	
G1026	H4306	
G1027	H7482	
G1028	H1653	
G1029	H4170	
G1030	H5099	
G1031	H2786	
G1033	H0400	
G1034	H3978	
G1035	H0400	
G1037	H4688	
G1039	H8336	
G1040	H8336	H0948
G1041	H4196	
G1043		H1403
G1045		H1410
G1048		H5804
G1049	H3957	
G1051	H2461	
G1056		H1551
G1059		H1583
G1064	H0990 H2030	
G1066		H1439
G1069	H7934	
G1070	H6711	
G1073	H4392	
G1074	H1755	
G1080	H3205	
G1081	H8393	
G1085	H4327	
G1086		H1622
G1088	H2205	
G1089	H2940	
G1092	H0406	
G1093	H0127 H0776	
G1094	H7872	
G1095	H2205	
G1097	H3045	
G1098	H3196	
G1099	H4966	
G1100	H3956	
G1102	H3526	
G1107	H3045	
G1108	H1847	
G1109	H3049	
G1110	H3045	
G1111	H3885	
G1116		H6017
G1117	H4853	
G1119	H1290	
G1123	H4385	
G1125	H3789	
G1127	H8245	
G1131	H6174	
G1132	H5903	
G1134	H0802	
G1135	H0802	
G1136		H1463
G1137	H6438	
G1138		H1732
G1140	H7700	
G1143	H5391	
G1144	H1832	
G1145	H1058	
G1146	H2885	
G1147	H0676	
G1150	H2827	
G1151	H6510	
G1154		H1834
G1155	H3867	
G1157	H5383	
G1158		H1840
G1160	H5313	
G1162	H8467 H8605	
G1167	H0367	
G1168	H2865 H6342	
G1169	H7390	
G1182	H4643	
G1183	H6237	
G1184	H7522	
G1186	H6086	
G1188	H3225	
G1192	H5785	
G1193	H5785	
G1194	H6584	
G1195	H0631	
G1197	H0092	
G1199	H0632	
G1201	H5470	
G1203	H0113	
G1204	H3922	
G1210	H0631	
G1224	H5674	
G1225	H0399 H7170	
G1231	H3045	
G1237	H4932	
G1238	H3804	
G1239	H2505	
G1241	H2290	
G1242	H1285	
G1243	H4256	
G1244	H1334 H2505	
G1248	H8334	
G1249	H5288 H8334	
G1251	H8085	
G1252	H8199 H1778	
G1253	H4657	
G1256	H1696	
G1258	H3956	
G1259	H7521	
G1261	H4284	
G1263	H5749	
G1266	H2505	
G1267	H4256	
G1270	H4284	
G1272	H6363 H6491 H6605	
G1276	H5674	
G1278	H6087	
G1279	H5674 H1980	
G1283	H0962 H1497 H8155	
G1286	H6342	
G1287	H6327 H2219	
G1288	H5423	
G1289	H6327	
G1292	H7305	
G1293	H6304	
G1294	H2015 H6140	
G1295	H4422 H3467	
G1299	H7760	
G1301	H8104 H5341	
G1303	H3772	
G1308	H8133	
G1309	H6412	
G1311	H7843	
G1313	H8133	
G1314	H8104	
G1319	H3925	
G1321	H3925	
G1323	H8255	
G1325	H5414	
G1327	H8444	
G1330	H1980	
G1334	H5608	
G1338	H1272	
G1342	H6662	
G1343	H6664	
G1344	H6663	
G1345	H2706	
G1346	H6664	
G1348	H8199	
G1349	H5359	
G1350	H7568	
G1353	H5674	
G1358	H2864	
G1362	H3717	
G1371	H5408	
G1372	H6770	
G1377	H7291	
G1378	H1881	
G1381	H0974	
G1385	H6982	
G1388	H4820	
G1390	H4979	
G1391	H3519	
G1398	H5647 H6399	
G1401	H5650	
G1402	H5648	
G1403	H4960 H3900	
G1404	H8577	
G1405	H7061	
G1407	H2770	
G1408	H4794	
G1410	H3202	
G1412	H5810	
G1413	H1368	
G1415	H1368	
G1419	H5192	
G1422	H0343	
G1430	H1406	
G1431	H2600	
G1432	H2600	
G1433	H5414	
G1435	H7133	
G1437	H0518	
G1441	H7657	
G1442	H7637	
G1443		H5677
G1445	H5680	
G1448	H5066 H7138	
G1453	H6965	
G1455	H0693	
G1458	H7121	
G1459	H5800	
G1491	H4758	
G1492	H3045	
G1504	H6754	
G1514	H8002	
G1515	H7965	
G1521	H0935	
G1522	H8085	
G1533	H0935	
G1541	H3967	
G1544	H1645	
G1557	H5359	
G1562	H6584	
G1567	H1875	
G1571	H1197	
G1572	H1197	
G1574	H1856	
G1575	H8156	
G1577	H6951	
G1581	H3772	
G1582	H7194	
G1584	H0215	
G1586	H0977	
G1587	H3616	
G1592	H3932	
G1593	H5493	
G1594	H3364	
G1595	H5071	
G1596	H5071	
G1598	H5254	
G1599	H7971	
G1600	H6566	
G1601	H5243 H5493 H7993	
G1607	H3318	
G1608	H2181	
G1610	H8328 H5428 H6132	
G1614	H5186	
G1619	H2394	
G1621	H5287	
G1624	H2015	
G1627	H3318	
G1628	H5127	
G1629	H2730	
G1630	H3025	
G1632	H8210	
G1633	H6852	
G1636	H2132	
G1637	H8081	
G1638	H2132	
G1639		H5867
G1640	H4591	
G1641	H2637	
G1645	H7031	
G1648		H0499
G1650	H3198	
G1651	H3198	
G1653	H2603	
G1655	H2587	
G1656	H2617	
G1657	H2668	
G1658	H2670	
G1662		H0471
G1663		H0461
G1665		H0472
G1666		H0477
G1668	H7822	
G1670	H4900	
G1671	H3120	
G1672	H3120	
G1673	H3238	
G1678		H0486
G1679	H0982	
G1680	H8615	
G1684	H5927	
G1689	H7200 H6437 H5027	
G1692	H6892	
G1694		H6005
G1697		H2544
G1701	H7048	
G1704	H1981	
G1705	H4390	
G1706	H5307	
G1710	H5504	
G1711	H5504	
G1713	H5503	
G1714	H8313	
G1715	H6040	
G1716	H3417	
G1720	H5301	
G1723	H2264	
G1727	H5048	
G1737	H3847	
G1742	H3830	
G1743	H5810	
G1746	H3847	
G1747	H0693	
G1748	H0693	
G1750	H3874	
G1754	H5656 H6467	
G1757	H1288	
G1758	H5640	
G1760	H1819	
G1763	H8141	
G1764	H5979	
G1769	H0483	
G1770	H7169	
G1771	H4209	
G1774	H3427	
G1776	H2470	
G1781	H6680	
G1785	H4687	
G1791	H3639	
G1795	H6603	
G1797	H2492	
G1798	H2472	
G1800		H0583
G1801	H0238	
G1802		H2585
G1805	H2084	
G1806	H3318	
G1807	H5337	
G1808	H1197	
G1813	H4229	
G1814	H7043	
G1816	H6779	
G1817	H6965	
G1818	H2048	
G1820	H6323	
G1821	H7971	
G1822	H2266	
G1825	H5782	
G1828	H4900	
G1830	H2713	
G1831	H3318	
G1834	H5608	
G1837	H1995	
G1843	H3034	
G1846	H5365	
G1850	H7980	
G1852	H3364 H5782	
G1854	H2351	
G1855	H2351	
G1856	H5077	
G1857	H2435	
G1858	H2287	
G1859	H2282	
G1860	H5612	
G1863	H0935	
G1867	H1984 H7623	
G1868	H8416	
G1869	H5375 H7311	
G1870	H2659	
G1873	H8085	
G1879	H5117	
G1880	H7725	
G1881	H6965	
G1883	H5920 H4605	
G1885	H4082	
G1887	H4283	
G1892	H5782	
G1900	H1973	
G1903	H4598	
G1904	H0935	
G1905	H7592	
G1906	H7595	
G1907	H2308	
G1910	H7392	
G1913	H7392	
G1914	H5027 H6437	
G1918	H2992	
G1921	H5234	
G1922	H1847	
G1924	H3789	
G1929	H5414	
G1933	H5546	
G1934	H1875	
G1937	H0183	
G1938	H0185	
G1939	H8378	
G1940	H7392	
G1941	H7121	
G1943	H3680	
G1944	H0779	
G1949	H0270	
G1950	H7911	
G1951	H0977	
G1954	H3499 H7605	
G1958	H8250	
G1961	H4102	
G1962	H5234	
G1967	H5459	
G1968	H5307	
G1971	H2968 H3700	
G1977	H7993	
G1978	H7194	
G1979	H6720	
G1984	H6486	
G1986	H4900	
G1987	H3045	
G1991	H5564	
G1992	H0107	
G1994	H7725	
G1996	H0622 H6908	
G2003	H6599	
G2004	H6680	
G2008	H1605	
G2022	H3332	
G2028	H7121	
G2032	H8064	
G2038	H5652 H6467	
G2039	H4399 H5656	
G2042	H1624	
G2043	H8551	
G2044	H7580	
G2045	H2664 H2713	
G2046	H0560	
G2048	H4057	
G2049	H2717 H8074	
G2053	H6785	
G2056	H1423	
G2062	H7431	
G2063	H0122 H5488	
G2064	H0935	
G2065	H7592	
G2068	H0398	
G2069		H0454
G2073	H6150	
G2074		H2696
G2082	H6442	
G2086	H3360	
G2087	H0312	
G2090	H3559	
G2094	H8141	
G2095	H3190	
G2096		H2332
G2097	H1319	
G2106	H7521	
G2107	H7522	
G2108	H5949	
G2109	H1580	
G2117	H3474	
G2118	H3476	
G2121	H6256	
G2124	H1674	
G2127	H1288	
G2129	H1293	
G2135	H5631	
G2137	H6743	
G2141	H5381	
G2143	H1926	
G2147	H4672	
G2154	H3677	
G2165	H8055	
G2167	H8057	
G2171	H5087	
G2172	H5074	
G2173	H2656	
G2175	H5208	
G2177	H6743	
G2183	H4931	
G2186	H5324	
G2188		H6606
G2189	H0342 H8135	
G2190	H0342	
G2194		H2074
G2196		H2226
G2197		H2148
G2198	H2416	
G2201	H6776	
G2205	H7068	
G2206	H7065	
G2210	H6064	
G2212	H1245	
G2216		H2216
G2217	H6205	
G2218	H5923 H3976	
G2219	H2557 H7603	
G2220	H2557	
G2222	H2416	
G2223	H0073 H2290	
G2224	H2296	
G2225	H2421 H2416	
G2227	H2416	
G2233	H5057	
G2237	H2940	
G2240	H0935	
G2242		H5941
G2243		H0452
G2244	H6967	
G2246	H8121	
G2247	H4548	
G2250	H3117	
G2255	H2677 H4276	
G2262		H6147
G2268		H3470
G2269		H6215
G2270	H8252	
G2274	H2865	
G2275	H4522	
G2278	H1993	
G2279	H1995	
G2281	H3220	
G2283		H8559
G2284	H1204	
G2288	H4194	
G2289	H4193	
G2290	H6912	
G2291		H8646
G2295	H8178	
G2300	H7200	
G2303	H1614	
G2310	H4144	
G2311	H3245	
G2316	H0430	
G2318	H0430	
G2324	H5650	
G2325	H7114	
G2326	H7105	
G2328	H2552	
G2329	H2552	
G2330	H7019	
G2334	H7200	
G2337	H3243	
G2338	H5347	
G2340	H6679	
G2343	H6845	
G2344	H0214	
G2345	H5060	
G2347	H6869	
G2350	H1204	
G2351	H1995	
G2354	H3213	
G2355	H7015	
G2359	H8181	
G2360	H1993	
G2362	H3678	
G2364	H1323	
G2366	H6205	
G2368	H7004	
G2369	H7004	
G2370	H6999	
G2373	H2734	
G2374	H6607	
G2375	H4043 H6793	
G2376	H2474	
G2377	H6486	
G2379	H4056	
G2380	H2076	
G2382	H8302	
G2383		H2971
G2384		H3290
G2386	H4832	
G2390	H7495	
G2391		H3382
G2392	H4832	
G2393	H3471	
G2400	H2009	
G2401		H0123
G2402	H2188	
G2403		H0348
G2405	H3547 H3550	
G2407	H3547	
G2409	H3549	
G2410		H3405
G2414		H3389
G2419		H3389
G2420	H3547	
G2421		H3448
G2422		H3316
G2423		H3204
G2424		H3091
G2425	H1767	
G2431	H7522	
G2432	H7522	
G2433	H3722	
G2438	H8288	
G2440	H0899	
G2441	H8071	
G2445		H3305
G2446		H3383
G2450	H3054	
G2455		H3063
G2460	H6571	
G2462	H5483	
G2464		H3327
G2466		H3485
G2473	H6187	
G2474		H3478
G2476	H5975	
G2478	H1368 H6099 H2389	
G2479	H3581	
G2484	H3195	H3195
G2486	H1709 H1710	
G2488		H3147
G2491		H3110
G2492		H0347
G2493		H3100
G2495		H3124
G2496		H3141
G2498		H3092
G2501		H3130
G2502		H2977
G2506	H2040	
G2507	H5422 H3381	
G2511	H2891	
G2512	H2893	
G2513	H2889	
G2514	H2892	
G2515	H4186	
G2525	H6966 H7760	
G2528	H8610	
G2529	H7200	
G2532	H0518	
G2535		H7014
G2536		H7018
G2537	H2319	
G2540	H6256	
G2545	H1197 H3344 H8313	
G2551	H7043	
G2552	H8513	
G2554	H7489	
G2555	H7489	
G2556	H7451	
G2559	H7489	
G2560	H2470	
G2562	H7179	
G2563	H7070	
G2564	H7121	
G2566	H3190	
G2570	H2896	
G2571	H4533	
G2572	H3680	
G2573	H3190	
G2574	H1581	H1581
G2575	H3536 H3564 H0861	
G2577	H6962	
G2578	H3766	
G2586	H6227	
G2588	H3824	
G2590	H6529	
G2592	H6524	
G2595	H2963	
G2597	H3381	
G2598	H5308	
G2606	H7832	
G2607	H7561	
G2609	H3381	
G2611	H2280	
G2613	H7561	
G2616	H3238 H6231	
G2618	H8313	
G2619	H3680	
G2620	H5937	
G2621	H7901	
G2622	H5428	
G2623	H3607	
G2625	H5308 H3766	
G2626	H7857	
G2627	H3999	
G2630	H7993	
G2632	H1504	
G2634	H3533	
G2635	H1696	
G2638	H3920	
G2644	H2865	
G2646	H4411	
G2657	H5027	
G2662	H1869 H7429	
G2663	H4496	
G2664	H5117 H7673	
G2666	H1104	
G2667	H5307	
G2671	H7045	
G2672	H7043	
G2673	H0989	
G2674	H3187	
G2675	H3634	
G2679	H5422 H2040	
G2680	H1254	
G2681	H5526	
G2684	H7270	
G2685	H7270	
G2689	H4594	
G2690	H2015	
G2692	H0343	
G2695	H2026	
G2696	H2856	
G2697	H0272	
G2700	H3384	
G2702	H3381	
G2703	H5127	
G2704	H7844	
G2705	H5401	
G2706	H0936	
G2708	H3332	
G2711	H8172	
G2713	H5048	
G2716	H6467	
G2719	H0399	
G2722	H0270	
G2730	H3427	
G2731	H3427	
G2732	H4583	
G2733	H4186	
G2736	H4295	
G2737	H8481	
G2738	H2527 H2721	
G2740	H1197	
G2742	H2721 H8273	
G2744	H1984	
G2745	H8416	
G2746	H8597	
G2748	H0730	H6939
G2749	H3259	
G2751	H1494	
G2756	H7324	
G2761	H7385	
G2763	H3335	
G2764	H6353	
G2767	H4537	
G2768	H7161	
G2776	H7218	
G2779	H1588 H1593 H1594	
G2781	H5317 H6688	
G2782	H7150	
G2783	H3744	
G2787	H0727	
G2788	H3658	
G2789	H5059	
G2793	H3369	
G2794	H4712	
G2795	H7430	
G2796	H5205	
G2797		H7027
G2799	H1058	
G2805	H1065	
G2807	H4668	
G2808	H5462	
G2809	H1591	
G2811	H8088	
G2812	H1590	
G2813	H1589	
G2814	H2156	
G2817	H5159	
G2819	H5159	
G2823	H8574	
G2824	H6438	
G2825	H4296	
G2829	H1589	
G2830	H5591	
G2831	H1644	
G2832		H0256
G2836	H0990	
G2841	H2266	
G2842	H8667	
G2844	H2270 H2278	
G2845	H4904	
G2846	H2315	
G2847	H8438 H8144	
G2853	H1692	
G2856	H7112	
G2859	H2436	
G2861	H1295	
G2868	H0080	
G2869	H2308 H8367	
G2870	H4553	
G2871	H4347	
G2872	H3021	
G2873	H5999	
G2874	H0830	
G2875	H3772 H5594	
G2876	H6158	
G2877	H5291	
G2879		H7141
G2884	H3734	H3734
G2887	H8626	
G2891		H6966
G2893	H7043	
G2894	H5536 H1731	
G2896	H2199 H6817 H7123	
G2898	H1538	
G2900	H2389	
G2901	H2389	
G2902	H2388	
G2904	H5797	
G2905	H7321	
G2906	H6682 H7775	
G2907	H1320	
G2910	H8518	
G2915	H8184	
G2916	H8184	
G2917	H4941	
G2918	H7799	
G2919	H8199	
G2920	H4941	
G2922	H4941 H1778	
G2923	H8199	
G2925	H1849	
G2927	H4565	
G2928	H2244 H2934 H5641 H6845	
G2930	H7140	
G2931	H5642	
G2933	H3754	
G2934	H0929	
G2936	H1254	
G2941	H8458	
G2942	H2259	
G2943	H5439	
G2944	H5437	
G2945	H5439	
G2949	H1530	
G2950	H4698	
G2951	H3646	
G2955	H6915	
G2959	H1404	
G2961	H4915	
G2962	H3068	
G2965	H3611	
G2966	H6297	
G2968	H2691	
G2974	H0483	
G2975	H3920	
G2977	H5643	
G2978	H5492	
G2980	H1696	
G2983	H3947	
G2984		H3929
G2985	H3940	
G2987	H1926	
G2989	H5050	
G2991	H6449	
G2992	H5971	
G2995	H2441	
G2999	H5656	
G3000	H5647	
G3004	H0559	
G3005	H7611	
G3006	H2509 H2512	
G3007	H6504	
G3008	H8334	
G3009	H5656	
G3011	H8334	
G3013	H7193	
G3014	H6883	
G3015	H6879	
G3017		H3878
G3021	H3835	
G3022	H3836	
G3023	H0738	
G3025	H3342	
G3030	H3829	
G3034	H5619	
G3035	H0068	
G3036	H5619 H7275	
G3037	H0068	
G3038	H7531	
G3039	H2219	
G3040	H4231	
G3042	H7458	
G3043	H6594	
G3047	H5045	
G3049	H2803	
G3051	H0565	
G3053	H4284	
G3056	H1697	
G3057	H7420	
G3062	H3499	
G3063	H3498	
G3064	H3498	
G3067	H7367	
G3068	H7364	
G3069		H3850
G3074	H2061	
G3076	H2734	
G3077	H6089	
G3080	H6592	
G3083	H6306 H3724	
G3084	H6299	
G3085	H1353 H6299 H6306 H6304	
G3087	H4501	
G3088	H5216	
G3089	H5425	
G3091		H3876
G3097	H0825	
G3098		H4031
G3099		H4080
G3103		H4968
G3105	H7696	
G3106	H0833	
G3107	H0837	
G3112	H7368	
G3113	H7350	
G3114	H0750	
G3115	H0750	
G3117	H0752	
G3118	H0752	
G3119	H2483	
G3121		H4111
G3122	H0061	
G3123	H0061	
G3124		H4429
G3129	H3925	
G3130	H4895	
G3131	H4478	H4478
G3132	H7080	
G3137		H4813
G3140	H5707	
G3141	H5707 H5715	
G3144	H5707	
G3148	H7752	
G3149	H7699	
G3152	H7723 H1892	
G3153	H1892 H7723	
G3154	H1891	
G3155	H1891 H7723	
G3157		H4977
G3161		H4993
G3162	H2719	
G3168	H8597	
G3169	H1346	
G3170	H1431	
G3173	H1419	
G3174	H6967	
G3178	H7937	
G3179	H5493	
G3182	H8354	
G3183	H5433	
G3184	H7937	
G3188	H7838	
G3189	H7838	
G3191	H1897	
G3192	H1706	
G3196	H5409	
G3198		H4442
G3199	H2656	
G3307	H2505	
G3308	H3052	
G3309	H1672	
G3310	H2506	
G3313	H7097	
G3314	H6672	
G3316	H0997	
G3317	H2678	
G3319	H8432	
G3323		H4899
G3324	H4392	
G3328	H2015	
G3332	H5493	
G3333	H7121	
G3338	H5098	
G3340	H5162	
G3344	H2015	
G3346	H5472	
G3350	H1473	
G3352	H2266	
G3353	H2270	
G3354	H4058	
G3358	H4060	
G3359	H4696	
G3372	H0753	
G3374	H0155	
G3376	H2320	
G3382	H3409	
G3384	H0517	
G3388	H7358	
G3392	H2930	
G3396	H6151	
G3398	H6996	
G3403	H2142	
G3404	H8130	
G3407	H7916	
G3408	H7939	
G3409	H7939	
G3411	H7916	
G3413		H4317
G3417	H2143	
G3418	H6913	
G3419	H6913	
G3420	H2143	
G3421	H2142	
G3422	H2143	
G3423	H0781	
G3424	H0483	
G3429	H5003	
G3430	H5005 H5003 H5004	
G3431	H5003	
G3432	H5003	
G3434		H4432
G3435	H1352	
G3439	H3173	
G3448	H6499	
G3449	H8513	
G3452	H4221	
G3456	H3932	
G3458	H7347	
G3461	H7233	
G3466	H7328	
G3468	H2250	
G3469	H3971	
G3470	H3971	
G3474	H5036	
G3475		H4872
G3476		H5177
G3481		H5416
G3482		H5417
G3485	H1964	
G3486		H5151
G3487	H5373	
G3491	H0591	
G3493		H5152
G3494	H5288 H0970	
G3495	H5288	
G3497		H5283
G3501	H5288 H2319	
G3507	H6051	
G3508		H5321
G3509	H5645 H7834 H6051	
G3510	H3629	
G3514	H2901	
G3516	H5768	
G3518		H5374
G3520	H0339	
G3521	H6685	
G3522	H6684	
G3523	H2908	
G3538	H7364	
G3539	H0995	
G3542	H4829	
G3549	H3384	
G3551	H8451	
G3554	H2483	
G3555	H7064	
G3556	H0667	
G3558	H5045	
G3561	H2319	
G3565	H3618	
G3566	H2860	
G3568	H6258	
G3573	H5123	
G3575		H5146
G3576	H2823	
G3577	H3802	
G3581	H5237	
G3582	H3849	
G3583	H3001	
G3584	H3001	
G3585	H6086	
G3586	H6086	
G3598	H1870	
G3599	H8127	
G3601	H3015	
G3604		H5818
G3605	H0887	
G3608	H5466	
G3610	H5650	
G3611	H3427	
G3614	H1004	
G3618	H1129	
G3621	H3557	
G3624	H1004	
G3625	H8398	
G3628	H7356	
G3629	H7349	
G3631	H3196	
G3639	H7701	
G3641	H4591	
G3643	H3988	
G3645	H7843	
G3646	H5930	
G3647	H4974	
G3649	H3213	
G3655	H8163	
G3656	H7301	
G3657	H5868	
G3659	H5869	
G3660	H7650	
G3661	H3162	
G3664	H3644	
G3665	H4327	
G3666	H1819	
G3667	H8544	
G3669	H1823	
G3679	H2778	
G3680	H2781	
G3681	H2781	
G3686	H8034	
G3687	H5344 H7121	
G3688	H2543	
G3689	H0551	
G3690	H2558	
G3691	H2299 H7031 H8150	
G3693	H0268	
G3700	H7200	
G3701	H4759	
G3702	H6748	
G3703	H7019	
G3705	H2377 H4759	
G3706	H4759	
G3708	H7200	
G3710	H2734	
G3717	H3477	
G3718	H3474	
G3719	H7925	
G3720	H7925	
G3722	H7837 H1242	
G3725	H1366	
G3727	H7773	
G3730	H7722	
G3731	H5678	
G3732	H6833	
G3735	H2022	
G3736	H2658	
G3737	H3490	
G3738	H7540	
G3741	H2623	
G3744	H7381	
G3747	H6106	
G3749	H2789	
G3759	H1945	
G3764	H2962	
G3769	H2180	
G3772	H8064	
G3774		H0223
G3775	H0241	
G3778	H2063	
G3783	H4859	
G3784	H2326	
G3786	H3276	
G3788	H5869	
G3789	H5175	
G3793	H1995	
G3797	H4456	
G3799	H4758	
G3803	H6341 H4170	
G3806	H0060	
G3809	H4148	
G3810	H4148	
G3811	H3256	
G3813	H3206	
G3815	H7832	
G3816	H5650	
G3817	H5221	
G3820	H3465 H1087	
G3822	H1086	
G3825	H7725	
G3832	H1004	
G3833	H2488	
G3834	H6195	
G3835	H6175	
G3837	H3637	
G3847	H7846	
G3850	H4912	
G3854	H0935	
G3855	H5674	
G3857	H1588	
G3863	H7065	
G3864	H3220 H2348	
G3870	H5162	
G3871	H5956	
G3874	H5162	
G3878	H8085	
G3879	H8259	
G3880	H3947	
G3882	H3220 H2348	
G3883	H7697	
G3884	H7411	
G3892	H4209	
G3893	H4775	
G3895	H5307	
G3899	H5674	
G3900	H4604 H6588	
G3901	H2986	
G3903	H6186	
G3905	H8259	
G3908	H7760	
G3912	H5637	
G3917	H5246	
G3925	H4264	
G3926	H3811	
G3927	H8453	
G3928	H5674	
G3933	H1330	
G3935	H6566	
G3936	H5975	
G3938	H1870	
G3939	H1481	
G3941	H1616	
G3942	H4911	
G3947	H5006 H7265	
G3949	H3707	
G3950	H7110	
G3957	H6453	
G3958	H2470	
G3960	H5221	
G3961	H1869	
G3962	H0001	
G3968	H4138	
G3975	H8080	
G3977	H8219	
G3979	H7273	
G3982	H0982	
G3984	H4531	
G3985	H5254	
G3986	H4531	
G3987	H5254	
G3991	H2549	
G3992	H7971	
G3993	H0034 H6041 H1800	
G3994	H2545	
G3995	H2524	
G3996	H0056	
G3997	H0060	
G3998	H6041 H1800	
G4005	H2549	
G4006	H0986	
G4008	H5676	
G4009	H7093	
G4013	H1980 H5437	
G4014	H5493	
G4016	H3680	
G4018	H3682	
G4019	H0631	
G4024	H2296	
G4026	H5324	
G4027	H3724	
G4028	H3680	
G4030	H3553 H6959	
G4033	H5437	
G4035	H7604	
G4037	H6960	
G4040	H3603	
G4041	H5459	
G4043	H1981	
G4045	H5307	
G4047	H5459	
G4050	H3504	
G4052	H3498	
G4058	H3123	
G4059	H4135	
G4060	H7760	
G4061	H4139	
G4063	H7751	
G4066	H3603	
G4071	H5775	
G4072	H5774	
G4073	H5553	
G4080	H3642	
G4081	H2563	
G4083	H0520	
G4084	H0270	
G4085	H1869	
G4088	H4751	
G4089	H4751	
G4092	H6639	
G4095	H8354	
G4096	H1880	
G4097	H4376	
G4098	H5307	
G4100	H0539	
G4102	H0530	
G4103	H0539	
G4104	H0543	
G4105	H8582	
G4106	H4820	
G4107	H5074	
G4108	H4879	
G4109	H3871	
G4111	H3335	
G4114	H7341	
G4115	H7338	
G4118	H7227	
G4119	H7227	
G4121	H5736	
G4122	H1214	
G4124	H1215	
G4125	H6763	
G4127	H4347	
G4128	H7230	
G4129	H7235	
G4134	H4392	
G4135	H4392	
G4137	H4390	
G4138	H4393	
G4139	H7453	
G4141	H5221	
G4143	H0591	
G4145	H6223	
G4147	H6238	
G4148	H6238	
G4149	H6239	
G4150	H3526	
G4151	H7307	
G4154	H5380 H5398	
G4155	H1204	
G4157	H5397	
G4160	H6213	
G4164	H7553	
G4165	H7462	
G4166	H7462	
G4167	H5739	
G4168	H6629	
G4170	H3898	
G4171	H4421	
G4172	H5892	
G4179	H7659	
G4183	H7227	
G4185	H3368	
G4188	H8250	
G4190	H7451	
G4197	H1979	
G4198	H1980	
G4202	H8457	
G4203	H2181	
G4204	H2181	
G4209	H0713 H0710	
G4210	H0713	
G4215	H5104	
G4221	H3563	
G4222	H8248	
G4226	H0575	
G4228	H7272	
G4230	H2827	
G4234	H6467	
G4235	H6035	
G4236	H6037	
G4240	H6037	
G4241	H4998	
G4246	H2205	
G4254	H5066	
G4255	H2836	
G4261	H2330	
G4262	H6629	
G4263	H6629	
G4272	H5414	
G4281	H5674	
G4285	H1265	
G4286	H4635	
G4302	H5046	
G4308	H7737	
G4313	H1980	
G4317	H7126	
G4320	H5927	
G4327	H7521	
G4328	H7663	
G4334	H7126 H5066	
G4335	H8605	
G4336	H6419	
G4337	H7182	
G4339	H1616	
G4341	H7121	
G4344	H3704	
G4347	H1692	
G4350	H3782	
G4352	H7812	
G4354	H1696	
G4355	H3947	
G4363	H5307 H3766	
G4367	H6680	
G4369	H3254	
G4370	H7323	
G4372	H2319	
G4373	H2319	
G4374	H7126	
G4376	H4503	
G4388	H6186 H7760	
G4390	H7323	
G4394	H5016	
G4395	H5012	
G4396	H5030	
G4398	H5031	
G4399	H6923	
G4404	H1242	
G4405	H1242	
G4406	H3138	
G4407	H1242	
G4413	H7223	
G4416	H1060	
G4417	H5062	
G4418	H6119	
G4419	H3671	
G4420	H3671	
G4422	H2865	
G4429	H3417	
G4431	H5063	
G4432	H6040	
G4433	H7326	
G4434	H6041 H1800	
G4435	H0106	
G4437	H2793	
G4439	H8179	
G4440	H6607	
G4442	H0784	
G4444	H4026	
G4446	H6920	
G4447	H0784	
G4448	H6884	
G4449	H0125	
G4450	H0122	
G4453	H4376	
G4454	H5895	
G4456	H3543	
G4463	H2251	
G4466		H7466
G4471		H7414
G4472	H5137	
G4473	H5079	
G4478		H7354
G4479		H7259
G4481	H3594	
G4482	H2100	
G4483	H0559	
G4486	H1234	
G4487	H1697	
G4491	H8327	
G4492	H8327	
G4494	H5376	
G4496	H7993	
G4497		H7346
G4501	H2719	
G4502		H7205
G4503		H7327
G4506	H5337	
G4508	H6674	
G4511	H2101	
G4521	H7676 H7677	H7676
G4522	H2764	
G4524		H6659
G4526		H8242
G4527		H7974
G4528		H7597
G4532		H8004
G4533		H8012
G4536	H2689	
G4537	H8628	
G4540		H8111
G4545		H8050
G4546		H8123
G4547	H5274	
G4548	H3871	
G4549		H7586
G4552	H5601	H5601
G4556	H0124	
G4558		H6886
G4561	H1320	
G4562		H8286
G4564		H8283
G4565		H8289
G4567		H4566
G4568		H5429
G4570	H3518	
G4578	H7494	
G4579	H7493	
G4582	H3394	
G4584		H8096
G4585	H5560	
G4589		H8352
G4590		H8035
G4592	H0226	
G4594	H3117	
G4597	H6211 H5580	
G4600	H3895	
G4601	H2790 H2814	
G4603	H1270	
G4604	H1270	
G4605		H6721
G4608	H7941	H7941
G4611		H7975
G4613		H8095
G4614		H5514
G4616	H5466	
G4618	H0075	
G4621	H1715	
G4623	H2814 H2790	
G4625	H4170	
G4632	H3627	
G4633	H0168	
G4634	H5521	
G4637	H7931	
G4638	H0168	
G4639	H6738	
G4641	H3824	
G4642	H7185	
G4643	H7190	
G4645	H7185	
G4646	H6141 H6121	
G4647	H5544	
G4650	H6327	
G4651	H6137	
G4652	H2822	
G4653	H0652 H2821	
G4654	H2821	
G4656	H2822	
G4661	H7998	
G4666	H4753	
G4672		H8010
G4677		H7799
G4678	H2451	
G4679	H2450	
G4680	H2450	
G4683	H2853	
G4684	H8252	
G4685	H8025	
G4687	H2232	
G4690	H2233	
G4692	H4116	
G4693	H4631	
G4698	H7356	
G4700	H0665	
G4701	H2232	
G4702	H2232	
G4703	H2233	
G4704	H0926	
G4710	H0927	
G4713	H6803	
G4717	H8518	
G4718	H6025	
G4721	H4374	
G4723	H6135	
G4724	H2865	
G4726	H0585 H0603 H5009	
G4727	H0584 H0602	
G4728	H6862	
G4730	H6695	
G4732	H2389	
G4735	H5850	
G4737	H5849	
G4742	H5351	
G4743	H6621	
G4744	H3851	
G4748	H3787	
G4749	H0899	
G4750	H6433	
G4754	H6633	
G4755	H5461	
G4756	H6635	
G4760	H2429	
G4761	H6617	
G4762	H2015	
G4764	H7600	
G4766	H3331	
G4769	H5982	
G4779	H7121	
G4780	H3680	
G4782	H3381	
G4788	H5462	
G4793	H6622	
G4796	H6711	
G4801	H2266	
G4807	H8256	H8256
G4811	H8266	
G4815	H8610 H2029	
G4816	H3950	
G4819	H7136	
G4821	H3289	
G4825	H3289	
G4829	H2505	
G4836	H3867	
G4848	H1980	
G4854	H1219	
G4858	H5481	
G4863	H0622	
G4867	H6908	
G4875	H7257	
G4876	H6293 H6298 H7122	
G4881	H5595	
G4882	H7971	
G4887	H7660	
G4891	H5782	
G4893	H4093	
G4905	H0935 H0622	
G4906	H0398 H1262	
G4907	H0998 H1847	
G4917	H4272	
G4918	H7533	
G4920	H0995	
G4923	H3187	
G4930	H3615	
G4931	H3615	
G4932	H2782	
G4933	H8104 H5202	
G4934	H7194	
G4937	H7665	
G4938	H7667	
G4951	H5498	
G4958	H3665	
G4962	H7194	
G4965		H7941
G4966		H7927
G4967	H2873 H2028	
G4969	H7819	
G4972	H2856	
G4974	H3857	
G4976	H6596	
G4977	H1234	
G4981	H0328	
G4982	H3467	
G4983	H1472	
G4987	H2846	
G4991	H3468 H3444 H8668	
G4992	H3444	
G5001	H1714	
G5002	H7600	
G5003	H7703	
G5005	H7703	
G5007	H3603	
G5009	H2315	
G5011	H8217	
G5014	H6040	
G5015	H0926 H7267	
G5016	H4103	
G5017	H4103	
G5021	H7760	
G5022	H7794	
G5027	H6912	
G5028	H6913	
G5030	H4120	
G5032	H4118	
G5034	H4118	
G5035	H4118	
G5038	H2346	
G5043	H1121	
G5045	H2796	
G5046	H8003	
G5050	H4394	
G5053	H4191	
G5054	H4193	
G5055	H3615	
G5056	H7093	
G5059	H4159	
G5067	H7243	
G5068	H7251	
G5074	H0929	
G5079	H2796	
G5080	H4549 H4127	
G5083	H8104 H5341	
G5087	H7760	
G5089	H4803	
G5091	H3513	
G5092	H3366	
G5093	H3368	
G5097	H7921	
G5098	H6365	
G5099	H6064	
G5109	H7023	
G5110	H5392	
G5115	H7198	
G5116	H6357	
G5117	H4725	
G5131	H6260	
G5132	H7979	
G5134	H6481	
G5137	H6676	
G5138	H7406	
G5143	H7323	
G5146	H1863	
G5147	H5410	
G5155	H8181	
G5156	H7461	
G5160	H4202 H0400	
G5162	H3243	
G5163	H4570	
G5164	H0212	
G5165	H7086	
G5168	H5357	
G5171	H5730	
G5172	H5727	
G5179	H8403	
G5184		H6865
G5185	H5787	
G5186	H5787	
G5192	H8504	
G5194	H2137	
G5195	H1343	
G5196	H1347	
G5197	H1343	
G5202	H8354	
G5207	H1121	
G5214	H1984 H7891 H3034	
G5217	H1980	
G5218	H6038	
G5223	H7399 H1952	
G5227	H6862	
G5231	H5920 H4605	
G5233	H5675	
G5243	H1347	
G5244	H2086 H1343	
G5246	H6381	
G5247	H6967	
G5251	H7311	
G5253	H5944	
G5257	H5650	
G5258	H8142	
G5265	H5274	
G5266	H5275	
G5268	H2543	
G5270	H8478	
G5273	H2611	
G5274	H6030	
G5275	H3498	
G5276	H3342	
G5278	H6960	
G5280	H8416	
G5281	H4723	
G5282	H5452	
G5286	H1916	
G5290	H7725	
G5293	H7760	
G5294	H7760	
G5297	H5375	
G5300	H2386	
G5301	H0231	
G5302	H2637	
G5303	H4270	
G5306	H0314	
G5308	H1116	
G5310	H5945	
G5311	H6967 H4791	
G5312	H7311	
G5315	H0398	
G5316	H0215	
G5317		H6389
G5318	H1540	
G5319	H1540	
G5321	H0224	
G5323		H6439
G5325	H2385	
G5326	H2384	
G5329		H6557
G5331	H3785	
G5333	H3784	
G5336	H0018	
G5338	H5051	
G5339	H2550 H2347 H2820	
G5342	H0935	
G5343	H5127	
G5345	H8052	
G5346	H5001	
G5348	H4291	
G5350	H6032	
G5351	H7843	
G5353	H6957	
G5356	H7843 H2254	
G5357	H4219	
G5368	H0157 H5401	
G5370	H5390	
G5373	H0160	
G5386	H0825	
G5392	H2629	
G5394	H3857	
G5395	H3851	
G5401	H3374	
G5404	H8558	
G5407	H7523	
G5411	H4522	
G5412	H7809	
G5413	H4853	
G5418	H1447	
G5420	H0331	
G5421	H0875	
G5428	H0998 H2451	
G5429	H2450	
G5433	H7283	
G5434	H7179	
G5437	H4498	
G5438	H4931	
G5442	H8104	
G5443	H4294	
G5444	H5929	
G5451	H5193 H4302	
G5452	H5193	
G5455	H7121	
G5456	H6963	
G5457	H0216	
G5458	H3974	
G5461	H0216	
G5462	H0216 H3974	
G5463	H8055 H1523	
G5464	H1259	
G5469	H4964	
G5470	H5178	
G5471	H2796	
G5473	H5518	
G5475	H5178	
G5477		H3667
G5479	H8057 H8342	
G5481	H6867	
G5483	H5414	
G5485	H2580	
G5488		H2771
G5490	H6354	
G5491	H8193	
G5493	H5158	
G5495	H3027	
G5496	H3027	
G5499	H0457	
G5503	H0490	
G5504	H8543	
G5505	H0505	
G5506	H0441	
G5509	H3801	
G5510	H7950	
G5515	H3418	
G5521	H7219 H4845	
G5522	H6083	
G5524	H3557	
G5526	H7648	
G5528	H6212	
G5531	H3867	
G5532	H6878	
G5536	H5233 H3701	
G5539	H1215	
G5543	H2896	
G5544	H2898	
G5545	H4888	
G5547	H4899	
G5548	H4886	
G5549	H0309	
G5550	H3118	
G5552	H2091	
G5553	H2091	
G5557	H2091	
G5560	H6455	
G5563	H0914	
G5564	H3754	
G5567	H2167	
G5574	H3584	
G5578	H5030	
G5579	H8267	
G5583	H3576	
G5584	H4184 H4959	
G5586	H6864 H2687	
G5587	H3908	
G5590	H5315	
G5592	H7120 H7135	
G5593	H7119	
G5601		H5744
G5602	H6311 H2008	
G5603	H7892	
G5604	H2427	
G5606	H7926	
G5609	H1000	
G5610	H6256	
G5611	H4998 H3302	
G5612	H7580	
G5617		H1954
G5621	H0241	
G5622	H3276	
G5623	H3276	
G6030	H2187	
G6031	H8433	
G6092	H5929	
