# modern|modern<TAB>kjv|kjv, from tools/search/modern_kjv.txt (make_search_data.py).
holy spirit	holy ghost
holy ghost	holy spirit
messiah	christ|messias
demon|demons	devil|devils
demonic|demon possessed	possessed with devils
worry|worried|worries	careful|take no thought|take thought|cares
anxious|anxiety	careful|take no thought|heaviness|cares
sad|sadness	sorrowful|sorrow|heaviness
depressed|depression	heaviness|sorrowful|discouraged
angry|furious	wroth
anger|rage	wrath
happy|happiness	blessed is|blessed are
joy	gladness
scared|frightened|terrified	afraid|dismayed
lonely|loneliness	solitary|alone
love	charity
kindness	lovingkindness|gentleness
compassion	bowels of mercies|tender mercies|pity
patience	longsuffering
patient	longsuffering
endurance|perseverance	patience
self control	temperance
humble	lowly|meek
gentle	meek
arrogant	proud|haughty
ego|egotism	pride|vainglory|conceit
greed|greedy	covetousness|covetous
gossip	talebearer|whisperer|tattlers
slander	backbiting
stress|stressed	distress|troubled
tired|exhausted	weary|faint
generous|generosity	liberal|liberally|bountiful|bountifully
ridicule	scorn|mock
allow|permit	suffer
beg|plead|urge	beseech|intreat
wait	tarry
stay	tarry|abide
listen	hearken
look	behold|lo
hurry	make haste|haste
deceive|trick	beguile
know	wot|wist
think	trow
show	shew
intercede|intercedes	intercession|make intercession
request|requests	supplication|petition
give life|revive	quicken
forgiveness	remission
discipline	chasten|chastening|chastisement
help	succour
conduct|behavior|lifestyle	conversation
tax collector|tax collectors	publican|publicans
prostitute	harlot|whore
farmer|farmers	husbandman|husbandmen
relative|relatives	kinsman|kinsmen|kinsfolk
family	household|kindred
brothers	brethren
baby|babies|infant	babe|babes
girl	damsel|maid|maiden
boy	lad
teacher	master|rabbi
follower|followers	disciple|disciples
crowd|crowds	multitude|multitudes
pagan|pagans	heathen|gentiles
foreigner|foreigners	stranger|strangers|alien
orphan|orphans	fatherless
slave|slaves	bondman|bondmen|servant|servants
army	host
lazy	slothful|sluggard
food	meat|victuals
grain	corn
donkey|donkeys	ass|asses
cow|cows|cattle	kine
clothes|clothing	raiment|apparel
lamp	candle
lampstand	candlestick
tomb	sepulchre
sky	firmament
tent	tabernacle
bag	scrip
jail	prison
wealth	riches|substance
illness|disease	sickness|infirmity
disabled	lame|halt|maimed|impotent
good news	gospel|glad tidings
teaching	doctrine
sexual immorality|immorality	fornication
divorce	divorcement|put away
wedding	marriage
assembly	congregation
evil spirit	unclean spirit
immediately|at once	straightway|forthwith|anon
perhaps|maybe	peradventure
forever	for ever|for evermore|everlasting
eternal	everlasting
always	alway
soon	shortly
quickly	speedily
long ago	of old
today	to day
tomorrow	to morrow|morrow
tonight	to night
before	ere
yes	yea
no	nay
truly|indeed	verily
here	hither
there	thither
where	whither
everyone	every one|every man
anyone	any man|whosoever
whoever	whosoever
whatever	whatsoever
wherever	whithersoever|wheresoever
everything	all things
nothing	nought|naught
enough	sufficient
around	round about
below	beneath
inside	within
although	albeit
while	whilst
until	till
you	thee|thou|ye
your	thy|thine
yours	thine
yourself	thyself
has	hath
does	doth|doeth
says	saith
are	art
to	unto
neighbor|neighbors	neighbour
honor	honour
favor	favour
labor	labour
color	colour
savior	saviour
behavior	behaviour
counselor	counsellor
armor	armour
odor	odour
endeavor	endeavour
defense	defence
offense	offence
fulfill	fulfil
steadfast	stedfast
