# One family of King James word forms per line, base word first (make_search_data.py).
abase abased abasing
abhor abhorred abhorrest abhorreth abhorring
abolish abolished
abomination abominations
abound abounded aboundeth abounding
abuse abused abusing
accept accepted acceptest accepteth accepting
accompany accompanied accompanying
accomplish accomplished accomplishing
accord according
account accounted accounting accounts
accuse accused accuseth accusing
accuser accusers
acknowledge acknowledged acknowledgeth acknowledging
acquaint acquainted acquainting
acre acres
act acts
add added addeth
adder adders
addition additions
adjure adjured
administration administrations
admonish admonished admonishing
adorn adorned adorneth adorning
adulterer adulterers
adulteress adulteresses
adultery adulteries
advantage advantaged advantageth
adventure adventured
adversary adversaries
adversity adversities
advise advised
affect affected affecteth
affection affectioned affections
affirm affirmed
afflict afflicted afflictest
affliction afflictions
affright affrighted
afterward afterwards
agate agates
age aged ages
agree agreed agreeth
alien aliens
alienate alienated
allow allowed alloweth
almond almonds
altar altars
alter altered altereth
alway always
amalekite amalekites
ambassador ambassadors
ambush ambushes
ambushment ambushments
amend amends
ammonite ammonites
amorite amorites
anchor anchors
ancient ancients
angel angels
anger angered
anoint anointed anointedst anointest anointing
answer answered answeredst answerest answereth answering answers
ant ants
antichrist antichrists
apostle apostles
apothecary apothecaries
apparel apparelled
appeal appealed
appear appeared appeareth appearing
appearance appearances
appease appeased appeaseth
appertain appertained appertaineth
apple apples
apply applied
appoint appointed appointeth
apprehend apprehended
approach approached approacheth approaching
approve approved approvest approveth approving
arabian arabians
archer archers
arm armed arms
army armies
array arrayed
arrow arrows
artificer artificers
ascend ascended ascendeth ascending
ascribe ascribed
ash ashes
ask asked askest asketh asking
asp asps
ass asses
assault assaulted
assay assayed assaying
assemble assembled assembling
assembly assemblies
assent assented
assure assured
asswage asswaged
assyrian assyrians
astrologer astrologers
atonement atonements
attain attained
attend attended attending
attire attired
authority authorities
avenge avenged avengeth avenging
avim avims
avoid avoided avoiding
axe axes
baali baalis
babbling babblings
babe babes
back backs
backbiting backbitings
backsliding backslidings
bade badest
bag bags
bake baked baketh
baker bakers
balance balances
band banded bands
bank banks
banner banners
banquet banqueting
banqueting banquetings
baptism baptisms
baptize baptized baptizest baptizeth baptizing
bar bars
barbarian barbarians
bark barked
barn barns
barrel barrels
base bases basest
basket baskets
bason basons
bastard bastards
bat bats
bath baths
bathe bathed
battle battles
battlement battlements
beam beams
beard beards
beast beasts
beauty beauties
bed beds
bee bees
beerothite beerothites
befall befalleth
beg begged begging
beguile beguiled beguiling
behave behaved behaveth
believe believed believest believeth believing
bell bells
bellow bellows
belly bellies
belong belonged belongest belongeth belonging
bemoan bemoaned bemoaning
benefit benefits
benjamite benjamites
bereave bereaved bereaveth
beseech beseeching
beside besides
besiege besieged
bestow bestowed
betray betrayed betrayest betrayeth
betroth betrothed
better bettered
bewail bewailed bewaileth
bewray bewrayeth
bid biddeth bidding
bird birds
bishop bishops
blame blamed
blaspheme blasphemed blasphemest blasphemeth blaspheming
blasphemer blasphemers
blasphemy blasphemies
blast blasted blasting
bleating bleatings
blemish blemishes
bless blessed blessest blesseth blessing
blessing blessings
blind blinded blindeth
blossom blossomed blossoms
blot blotted blotteth blotting
board boards
boast boasted boastest boasteth boasting
boasting boastings
boat boats
body bodies
boil boiled boiling boils
bolt bolted
bond bonds
bondmaid bondmaids
bone bones
book books
booth booths
booty booties
border borders
bore bored
borrow borrowed borroweth
bottle bottles
bottom bottoms
bough boughs
bow bowed boweth bowing bows
bowl bowls
boy boys
bracelet bracelets
bramble brambles
branch branches
brand brands
brawler brawlers
bray brayed
breach breaches
breast breasts
breastplate breastplates
breathe breathed breatheth breathing
breed breeding
bribe bribes
brick bricks
bridle bridles bridleth
brier briers
brigandine brigandines
brook brooks
bruise bruised bruises bruising
bucket buckets
buckler bucklers
bud budded buds
buffet buffeted
builder builders
bull bulls
bullock bullocks
bulrush bulrushes
bunch bunches
bundle bundles
burden burdened burdens
burn burned burneth burning
burning burnings
burst bursting
bury buried burying
bush bushes
busy busied
busybody busybodies
butler butlers
cake cakes
calamity calamities
caldron caldrons
call called calledst callest calleth calling
calve calved calves calveth
camel camels
camp camped camps
canaanite canaanites
candle candles
candlestick candlesticks
canker cankered
caphtorim caphtorims
captain captains
captive captives
carbuncle carbuncles
carcase carcases
care cared cares carest careth caring
carpenter carpenters
carriage carriages
carry carried carriest carrieth carrying
carving carvings
case cases
castle castles
caterpiller caterpillers
caul cauls
cause caused causes causest causeth causing
cave caves
cease ceased ceaseth ceasing
cedar cedars
censer censers
centurion centurions
certify certified
chain chains
chaldean chaldeans
chamber chambering chambers
chamberlain chamberlains
chance chanceth
change changed changes changest changeth changing
channel channels
chapiter chapiters
charge charged chargedst charges chargest charging
charger chargers
chariot chariots
charmer charmers
chase chased chaseth chasing
chasten chastened chastenest chasteneth chastening
chastise chastised chastiseth
cheek cheeks
cheer cheereth
cheese cheeses
cherish cherished cherisheth
cherubim cherubims
chest chests
chew chewed cheweth
chide chiding
chief chiefest
choice choicest
choke choked
christ christs
christian christians
church churches
circuit circuits
circumcise circumcised circumcising
cistern cisterns
citizen citizens
city cities
clap clapped clappeth
cleanse cleansed cleanseth cleansing
clear clearing
cliff cliffs
clift clifts
climb climbed climbeth
close closed closest
closet closets
cloth cloths
clothe clothed clothes clothest clothing
cloud clouds
cluster clusters
coal coals
coast coasts
coat coats
cockatrice cockatrices
collar collars
colour coloured colours
colt colts
comfort comforted comfortedst comforteth comforts
comforter comforters
command commanded commandedst commandest commandeth commanding
commandment commandments
commend commended commendeth commending
commission commissions
commit committed committest committeth committing
commotion commotions
commune communed communing
communicate communicated
communication communications
compact compacted
companion companions
company companied companies
compare compared comparing
compass compassed compassest compasseth compassing
compassion compassions
compel compelled compellest
complain complained complaining
complaint complaints
compound compoundeth
comprehend comprehended
conceal concealed concealeth
conceit conceits
conceive conceived conceiving
concern concerneth concerning
conclude concluded
concubine concubines
condemn condemned condemnest condemneth condemning
condition conditions
conduct conducted
confess confessed confesseth confessing
confidence confidences
confirm confirmed confirmeth confirming
confound confounded
congregation congregations
conquer conquering
conscience consciences
consecrate consecrated
consecration consecrations
consent consented consentedst consenting
consider considered considerest considereth considering
consist consisteth
consolation consolations
constrain constrained constraineth
consult consulted consulteth
consume consumed consumeth consuming
contain contained containeth containing
contemn contemned contemneth
contend contended contendest contendeth contending
contention contentions
continue continued continueth continuing
controversy controversies
convert converted converteth converting converts
convey conveyed
convince convinced convinceth
convocation convocations
cook cooks
copy copied
cord cords
corner corners
cornet cornets
corpse corpses
correct corrected correcteth
corrupt corrupted corrupteth corrupting
cottage cottages
couch couched couches coucheth couching
coulter coulters
council councils
counsel counseled counselled counsels
counsellor counsellors
count counted counteth counting
countenance countenances
country countries
couple coupled coupleth coupling
coupling couplings
course courses
court courts
cousin cousins
covenant covenanted covenants
cover covered coveredst coverest covereth covering covers
covering coverings
covet coveted coveteth
create created createth
creature creatures
creditor creditors
crete cretes
crime crimes
crop cropped
crouch croucheth
crown crowned crownedst crownest crowneth crowning crowns
crucify crucified
crush crushed
cry cried cries criest crieth crying
cubit cubits
cup cups
cupbearer cupbearers
cure cured cures
curse cursed cursedst curses cursest curseth cursing
cursing cursings
curtain curtains
custom customs
cymbal cymbals
cyrenian cyrenians
dainty dainties
damsel damsels
dance danced dances dancing
darken darkened darkeneth
dart darts
dash dashed dasheth
daub daubed daubing
daughter daughters
dawn dawning
day days
deacon deacons
dealer dealers
death deaths
debate debates
debt debts
debtor debtors
decay decayed decayeth
decease deceased
deceit deceits
deceive deceived deceiveth deceiving
deceiver deceivers
deceiving deceivings
deck decked deckedst deckest decketh
declare declared declareth declaring
decline declined declineth
decrease decreased
decree decreed decrees
dedicate dedicated dedicating
deed deeds
deep deeps
defence defenced
defend defended defendest defending
defer deferred deferreth
defile defiled defiledst defileth
defraud defrauded
defy defied
degree degrees
delay delayed delayeth
delicate delicates
delight delighted delightest delighteth delights
deliver delivered deliveredst deliverest delivereth delivering
deliverance deliverances
delusion delusions
demand demanded
den dens
deny denied denieth denying
depart departed departeth departing
depth depths
deputy deputies
deride derided
descend descended descendeth descending
describe described describeth
desert deserts
deserve deserveth deserving
desire desired desiredst desires desirest desireth desiring
desolation desolations
despair despaired
despise despised despisest despiseth despising
destroy destroyed destroyest destroyeth destroying
destroyer destroyers
destruction destructions
detain detained
determine determined
device devices
devil devils
devise devised deviseth
devote devoted
devour devoured devourest devoureth devouring
differ differeth differing
difference differences
dignity dignities
diminish diminished diminishing
dine dined
dip dipped dippeth
direct directed directeth
disallow disallowed
disannul disannulled disannulleth disannulling
disappoint disappointed disappointeth
discern discerned discerneth discerning
discharge discharged
disciple disciples
discourage discouraged
discover discovered discovereth discovering
disease diseased diseases
disguise disguised disguiseth
dish dishes
dishon dishonest
dishonour dishonourest dishonoureth
disperse dispersed
displease displeased
dispossess dispossessed
disputation disputations
dispute disputed disputing
disputing disputings
disquiet disquieted
dissolve dissolved dissolvest dissolving
distress distressed distresses
distribute distributed distributeth distributing
ditch ditches
divide divided divideth dividing
divination divinations
divine divineth divining
division divisions
divorce divorced
doctor doctors
doctrine doctrines
doer doers
dog dogs
dominion dominions
door doors
doorkeeper doorkeepers
dote doted doting
double doubled
doubt doubted doubteth doubting doubts
dove doves
drag dragging
dragon dragons
drawer drawers
dream dreamed dreameth dreams
dreamer dreamers
dress dressed dresseth
dresser dressers
dromedary dromedaries
drop dropped droppeth dropping drops
drown drowned
drunkard drunkards
dry dried driedst drieth
due dues
duke dukes
dunghill dunghills
duty duties
dwellingplace dwellingplaces
eagle eagles
ear eared earing ears
earring earrings
earthquake earthquakes
ease eased
eater eaters
edge edges
edify edified edifieth edifying
edomite edomites
effect effected
egg eggs
egyptian egyptians
eighty eightieth
elder elders
elect elected
embalm embalmed
embrace embraced embracing
emerald emeralds
employ employed
empty emptied
emulation emulations
encamp encamped encampeth encamping
enchanter enchanters
enchantment enchantments
encourage encouraged
end ended endeth ending ends
endanger endangered
endeavour endeavoured endeavouring endeavours
endure endured endureth enduring
enemy enemies
enjoin enjoined
enjoy enjoyed
enlarge enlarged enlargeth enlarging
enlighten enlightened enlightening
enquire enquired enquirest
enrich enriched enrichest
ensample ensamples
ensign ensigns
entangle entangled entangleth
enter entered entereth entering
entertain entertained
entice enticed enticeth enticing
entrance entrances
entreat entreated entreateth
entry entries
envy envied envies enviest envieth envying
envying envyings
ephesian ephesians
ephraimite ephraimites
ephrathite ephrathites
epistle epistles
equal equals
err erred erreth
error errors
escape escaped escapeth escaping
eschew eschewed escheweth
espy espied
establish established establisheth
estate estates
esteem esteemed esteemeth esteeming
estimation estimations
ethiopian ethiopians
evangelist evangelists
evening evenings
evidence evidences
evil evils
evildoer evildoers
ewe ewes
exact exacted exacteth
exaction exactions
exalt exalted exaltest exalteth
examine examined examining
example examples
exceed exceeded exceedest exceedeth exceeding
excel excelled excellest excelleth
except excepted
exclude excluded
excuse excused excusing
execute executed executedst executest executeth executing
exercise exercised exerciseth
exhort exhorted exhorteth exhorting
expel expelled
expound expounded
express expressed
extend extended extendeth
extol extolled
extortioner extortioners
eye eyed eyes
ezrite ezrites
face faces
fade fadeth fading
fail failed faileth failing
faint fainted faintest fainteth
fair fairest
familiar familiars
family families
famine famines
famish famished
fare fared
farthing farthings
fashion fashioned fashioneth fashioning fashions
fast fasted fastest fasting
fasten fastened fastening
fasting fastings
fat fats fatted fattest
father fathers
fatling fatlings
fault faults
favour favoured favourest favoureth
fear feared fearest feareth fearing fears
feast feasted feasting feasts
feign feigned feignest
fellow fellows
fellowhelper fellowhelpers
fellowlabourer fellowlabourers
fellowprisoner fellowprisoners
fellowservant fellowservants
fence fenced
fetch fetched fetcheth
few fewest
field fields
fifty fifties fiftieth
fig figs
figure figures
fill filled filledst fillest filleth filling
fillet filleted fillets
fine finest fining
finger fingers
finish finished
fire fires
firebrand firebrands
firstfruit firstfruits
firstling firstlings
fish fishes fishing
fisher fishers
fist fists
fit fitted fitteth
flag flags
flagon flagons
flame flames flaming
flatter flattereth flattering
flattery flatteries
flay flayed
fleshhook fleshhooks
flock flocks
flood floods
floor floors
flourish flourished flourisheth flourishing
flow flowed floweth flowing
flower flowers
foal foals
foam foameth foaming
fold foldeth folding folds
folk folks
follow followed followedst followeth following
fool fools
forbear forbeareth forbearing
forbid forbiddeth forbidding
force forced forces forcing
ford fords
forehead foreheads
foreigner foreigners
foreskin foreskins
forest forests
forewarn forewarned
forgiveness forgivenesses
form formed formeth forms
fornication fornications
fornicator fornicators
fort forts
fortify fortified
fortress fortresses
forty fortieth
foul fouled fouledst
foundation foundations
fountain fountains
fowl fowls
fowler fowlers
fox foxes
frame framed frameth
free freed
fret fretted fretteth fretting
friend friends
fringe fringes
fruit fruits
frustrate frustrateth
fugitive fugitives
fulfil fulfilled fulfilling
fuller fullers
furbish furbished
furnace furnaces
furnish furnished
furrow furrows
further furthered
gad gaddest
gadite gadites
gain gained gains
gainsay gainsaying
galilaean galilaeans
gallery galleries
gap gaped gaps
garden gardens
garment garments
garner garners
garnish garnished
garrison garrisons
gate gates
gather gathered gatherest gathereth gathering
gathering gatherings
gaze gazing
gender gendered gendereth
genealogy genealogies
generation generations
gentile gentiles
gershonite gershonites
giant giants
gibeonite gibeonites
gift gifts
gileadite gileadites
gin gins
gird girded girdedst girdeth girding
girdle girdles
girgashite girgashites
girl girls
gittite gittites
glass glasses
glean gleaned gleaning
gleaning gleanings
glitter glittering
glorify glorified glorifieth glorifying
glory gloriest glorieth glorying
gnash gnashed gnasheth gnashing
gnaw gnawed
goad goads
goat goats
goldsmith goldsmiths
goodly goodliest
gore gored
gourd gourds
government governments
governor governors
graff graffed
grant granted
grape grapes
grapegatherer grapegatherers
grasshopper grasshoppers
grave graved graves graveth graving
graving gravings
great greatest
greek greeks
greet greeteth greeting
greeting greetings
grief griefs
grieve grieved grieveth grieving
grind grinding
groan groaned groaneth groaning
groaning groanings
grope gropeth
ground grounded
grove groves
grudge grudging
guest guests
guide guided guides guiding
gush gushed
gutter gutters
habergeon habergeons
habitation habitations
hair hairs
hale haling
hallow hallowed
halt halted halteth halting
hammer hammers
hand handed hands
handful handfuls
handle handled handles handleth handling
handmaid handmaids
handmaiden handmaidens
happen happened happeneth
harden hardened hardeneth
harlot harlots
harness harnessed
harp harped harping harps
harrow harrows
hart harts
haste hasted hasteth hasting
hasten hastened hasteneth
hatch hatcheth
hate hated hatest hateth hating
haven havens
head heads
heal healed healeth healing
healing healings
heap heaped heapeth heaps
hearer hearers
hearken hearkened hearkenedst hearkeneth hearkening
heart hearted hearts
heat heated
heave heaved
heaven heavens
hebrew hebrews
hedge hedged hedges
heel heels
height heights
heir heirs
helmet helmets
help helped helpeth helping helps
helper helpers
hem hems
herb herbs
herd herds
heresy heresies
heritage heritages
hew hewed heweth
hewer hewers
high highest
highway highways
hill hills
hind hinds
hinder hindered hindereth
hire hired hires hirest
hiss hissing
hittite hittites
hivite hivites
hole holes
holy holiest
homer homers
honour honoured honourest honoureth honours
hoof hoofs
hook hooks
hope hoped hopeth hoping
horite horites
horn horns
hornet hornets
horse horses
host hosts
hot hottest
hough houghed
hour hours
house houses
household households
housetop housetops
howl howled howling
howling howlings
humble humbled humbledst humbleth
hundred hundreds
hunger hungered
hunt hunted huntest hunteth hunting
hunter hunters
hurl hurleth hurling
husband husbands
husk husks
hymn hymns
hypocrisy hypocrisies
hypocrite hypocrites
idol idols
idolater idolaters
idolatry idolatries
image images
imagination imaginations
imagine imagined imagineth
impart imparted
impose imposed
impoverish impoverished
imprisonment imprisonments
impute imputed imputeth imputing
incense incensed
incline inclined inclineth
inclose inclosed
increase increased increasest increaseth increasing
infant infants
infirmity infirmities
inform informed
inhabit inhabited inhabitest inhabiteth inhabiting
inhabitant inhabitants
inherit inherited inheriteth
inheritance inheritances
iniquity iniquities
innocent innocents
instruct instructed instructing
instructer instructers
instrument instruments
intend intended intendest intending
intent intents
intercession intercessions
intermeddle intermeddleth
interpret interpreted interpreting
interpretation interpretations
intreat intreated
intreaty intreaties
invade invaded
invent invented
inward inwards
iron irons
ishmaelite ishmaelites
ishmeelite ishmeelites
island islands
isle isles
israelite israelites
issue issued issues
itch itching
ithrite ithrites
jaw jaws
jealousy jealousies
jebusite jebusites
jew jews
jewel jewels
join joined joining
joining joinings
joint joints
jona jonas
journey journeyed journeying journeys
journeying journeyings
joy joyed joying
judge judged judges judgest judgeth judging
judgment judgments
justify justified justifieth justifying
keeper keepers
kenite kenites
key keys
kick kicked
kid kids
kill killed killedst killest killeth killing
kind kinds
kindle kindled kindleth
kindred kindreds
king kings
kingdom kingdoms
kinsfolk kinsfolks
kiss kissed kisses
knead kneaded
knee knees
kneel kneeled kneeling
knock knocked knocketh knocking
knop knops
korahite korahites
labour laboured laboureth labouring labours
labourer labourers
lack lacked lackest lacketh lacking
lad lads
lade laded ladeth lading
lady ladies
lamb lambs
lament lamented
lamentation lamentations
lamp lamps
land landed landing lands
landmark landmarks
language languages
languish languished languisheth languishing
lap lapped lappeth
last lasted lasting
laugh laughed laugheth laughing
launch launched
laver lavers
law laws
lawyer lawyers
leader leaders
lean leaned leaneth leaning
leap leaped leaping
learn learned learning
leave leaved leaves leaveth leaving
leaven leavened leaveneth
left leftest
leg legs
legion legions
lengthen lengthened lengthening
leopard leopards
leper lepers
let lettest letteth letting
letter letters
levite levites
liar liars
lick licked licketh
lift lifted liftest lifteth lifting
light lighted lightest lighteth lighting lights
lighten lightened lighteneth
lightning lightnings
like liked liketh liking
liken likened
lily lilies
limit limited limiteth
line lines
lintel lintels
lion lions
lioness lionesses
lip lips
liquor liquors
live lived lives livest liveth living
loathe loatheth
lock locked locks
locust locusts
lodge lodged lodgest lodgeth lodging
lodging lodgings
long longed longedst longeth longing
look looked lookest looketh looking looks
loose loosed looseth loosing
lord lords
lot lots
lothe lothed lotheth lothing
love loved lovedst loves lovest loveth loving
lover lovers
lovingkindness lovingkindnesses
low lowest loweth lowing
lubim lubims
lurk lurking
lust lusted lusteth lusting lusts
maachathite maachathites
magician magicians
magistrate magistrates
magnify magnified
maid maids
maiden maidens
maidservant maidservants
maim maimed
maintain maintained maintainest
maker makers
male males
malefactor malefactors
manifest manifested
manner manners
manservant manservants
manslayer manslayers
mantle mantles
mar marred mars
march marched marchedst
mark marked markest marketh marks
market markets
marketplace marketplaces
marriage marriages
marry married marrieth marrying
martyr martyrs
marvel marvelled marvels
mast masts
master masters
mastery masteries
matter matters
mattock mattocks
meadow meadows
measure measured measures measuring
meat meats
meddle meddled meddleth meddling
mede medes
medicine medicines
mehunim mehunims
melt melted melteth melting
member members
mend mending
mention mentioned
merchant merchants
mercy mercies
mess messes
messenger messengers
mete meted
midianite midianites
mighty mighties mightiest
mill mills
millstone millstones
mind minded minding minds
mingle mingled
minish minished
minister ministered ministereth ministering ministers
minstrel minstrels
miracle miracles
mischief mischiefs
misery miseries
miss missed missing
mite mites
moabite moabites
mock mocked mockest mocketh mocking
mocker mockers
mocking mockings
mole moles
month months
moon moons
morsel morsels
mother mothers
mount mounted mounting mounts
mountain mountains
mourn mourned mourneth mourning
mourner mourners
mouth mouths
move moved movedst moveth moving
mule mules
multiply multiplied multipliedst multiplieth multiplying
multitude multitudes
munition munitions
murder murders
murderer murderers
murmur murmured murmuring
murmuring murmurings
muse mused musing
mutter muttered
mystery mysteries
nail nailing nails
name named names nameth
narrow narrowed
nation nations
nazarene nazarenes
nazarite nazarites
necessity necessities
neck necks
need needed needest needeth needs
neglect neglected neglecting
neighbour neighbours
neighing neighings
nephew nephews
nest nests
net nets
netophathite netophathites
network networks
night nights
noble nobles
noise noised
nose noses
note noted
nourish nourished nourisheth nourishing
number numbered numberest numbering numbers
nurse nursed nursing
oak oaks
oar oars
oath oaths
obey obeyed obeyedst obeyeth obeying
oblation oblations
observe observed observest observeth
observer observers
obtain obtained obtaineth obtaining
occasion occasioned occasions
occupy occupied occupieth
odour odours
offence offences
offend offended
offender offenders
offer offered offereth offering
offering offerings
office offices
officer officers
oil oiled
ointment ointments
olive olives
oliveyard oliveyards
omer omers
open opened openest openeth opening
opening openings
operation operations
opinion opinions
oppose opposed opposest opposeth
oppress oppressed oppresseth oppressing
oppression oppressions
oppressor oppressors
oracle oracles
orchard orchards
ordain ordained ordaineth
order ordered ordereth
ordinance ordinances
organ organs
ornament ornaments
ostrich ostriches
other others
ought oughtest
outcast outcasts
oven ovens
overcharge overcharged
overflow overflowed overfloweth overflowing
overlay overlaying
overseer overseers
overshadow overshadowed
overspread overspreading
overtake overtaketh
overthrow overthroweth
overturn overturned overturneth
overwhelm overwhelmed
owe owed owest oweth
owl owls
owner owners
pacify pacified pacifieth
pain pained pains
palace palaces
palm palms
palsy palsies
pan pans
pant panted panteth
parable parables
pardon pardoned pardoneth
parlour parlours
part parted parteth parting parts
partaker partakers
partner partners
pass passed passedst passest passeth passing
passage passages
passion passions
passover passovers
pastor pastors
pasture pastures
path paths
pattern patterns
pavilion pavilions
paw paweth paws
pearl pearls
peep peeped
people peoples
perceive perceived perceivest perceiveth perceiving
perfect perfected perfecting
perform performed performeth performing
perfume perfumed perfumes
peril perils
perish perished perisheth perishing
perizzite perizzites
permit permitted
persecute persecuted persecutest persecuting
persecution persecutions
persecutor persecutors
persian persians
person persons
persuade persuaded persuadest persuadeth persuading
pertain pertained pertaineth pertaining
pervert perverted perverteth perverting
pestilence pestilences
petition petitions
pharisee pharisees
philistine philistines
physician physicians
piece pieces
pierce pierced pierceth piercing
piercing piercings
pigeon pigeons
pillar pillars
pillow pillows
pin pins
pine pineth pining
pipe piped pipes
piss pisseth
pit pits
pitch pitched
pitcher pitchers
pity pitied pitieth
place placed places
plague plagued plagues
plain plains
plaister plaistered
plant planted plantedst planteth planting plants
planting plantings
plat platted
plate plates
play played playedst playeth playing
player players
plead pleaded pleadeth
please pleased pleaseth pleasing
pleasure pleasures
pledge pledges
plow plowed ploweth plowing
pluck plucked plucketh
point pointed points
poll polled polls
pollute polluted polluting
pollution pollutions
pomegranate pomegranates
ponder pondered pondereth
pool pools
poor poorest
poplar poplars
porch porches
porter porters
portion portions
possess possessed possessest possesseth possessing
possession possessions
possessor possessors
post posts
pot pots
potsherd potsherds
potter potters
pound pounds
pour poured pouredst poureth pouring
pourtray pourtrayed
powder powders
power powers
practise practised
praise praised praises praiseth praising
pransing pransings
pray prayed prayest prayeth praying
prayer prayers
preach preached preachest preacheth preaching
precept precepts
predestinate predestinated
prefer preferred preferring
preparation preparations
prepare prepared preparedst preparest prepareth preparing
present presented presenting presents
preserve preserved preservest preserveth
press pressed presses presseth
presume presumed
prevail prevailed prevailest prevaileth
prevent prevented preventest
price prices
priest priests
prince princes
princess princesses
principality principalities
print printed
prison prisons
prisoner prisoners
proceed proceeded proceedeth proceeding
proclaim proclaimed proclaimeth proclaiming
procure procured procureth
profane profaned profaneth profaning
profess professed professing
profit profited profiteth profiting
prolong prolonged prolongeth
promise promised promisedst promises promising
promote promoted
pronounce pronounced pronouncing
proof proofs
prophecy prophecies
prophesy prophesied prophesieth prophesying
prophesying prophesyings
prophet prophets
proselyte proselytes
prosper prospered prospereth
protest protested protesting
prove proved proveth proving
proverb proverbs
provide provided provideth providing
province provinces
provocation provocations
provoke provoked provokedst provoketh provoking
prune pruned
psalm psalms
psaltery psalteries
publican publicans
publish published publisheth
pull pulled pulling
punish punished
punishment punishments
purchase purchased
purge purged purgeth purging
purification purifications
purify purified purifieth purifying
purpose purposed purposes purposeth purposing
purse purses
pursue pursued pursueth pursuing
pursuer pursuers
push pushed pushing
quake quaked quaking
quarter quarters
queen queens
quench quenched
question questioned questioning questions
quicken quickened quickeneth quickening
quiet quieted quieteth
quiver quivered
rage raged rageth raging
rail railed railing
railing railings
rain rained
raise raised raiseth raising
ram rams
range ranges ranging
rank ranks
ransom ransomed
raven ravening ravens
reach reached reacheth reaching
read readest readeth reading
reap reaped reapest reapeth reaping
reaper reapers
rear reared
reason reasoned reasoning reasons
rebel rebelled rebellest rebels
rebuke rebuked rebukes rebuketh rebuking
receive received receivedst receiveth receiving
reckon reckoned reckoneth reckoning
recompence recompences
recompense recompensed recompensest recompensing
reconcile reconciled reconciling
record recorded records
recover recovered recovering
redeem redeemed redeemedst redeemeth redeeming
reed reeds
refine refined
refrain refrained refraineth
refresh refreshed refresheth refreshing
refuse refused refusedst refuseth
regard regarded regardest regardeth regarding
region regions
rehearse rehearsed
reign reigned reignest reigneth reigning
reject rejected rejecteth
rejoice rejoiced rejoicest rejoiceth rejoicing
release released
relieve relieved relieveth
rely relied
remain remained remainest remaineth remaining
remember remembered rememberest remembereth remembering
remembrance remembrances
remit remitted
remove removed removeth removing
rend rending
render rendered renderest rendereth rendering
renew renewed renewest renewing
renown renowned
rent rentest
repair repaired repairing
repay repayeth
repent repented repentest repenteth repenting
repenting repentings
rephaim rephaims
replenish replenished
report reported
reproach reproached reproaches reproachest reproacheth
reprobate reprobates
reproof reproofs
reprove reproved reproveth
request requested requests
require required requirest requireth requiring
requite requited requiting
rescue rescued rescueth
resemble resembled
reserve reserved reserveth
resist resisted resisteth
resort resorted
respect respected respecteth
rest rested restest resteth resting rests
restore restored restoreth
restrain restrained restrainest
retain retained retaineth
retire retired
return returned returneth returning
reubenite reubenites
reveal revealed revealeth
revelation revelations
revenge revenged revenges revengeth revenging
revenger revengers
revenue revenues
reverence reverenced
revile reviled revilest
revive revived reviving
revolt revolted revolting
reward rewarded rewardeth rewards
rib ribs
rich riches
rider riders
righteousness righteousnesses
ring rings
riot rioting
rip ripped
river rivers
roar roared roareth roaring
roaring roarings
roast roasted roasteth
rob robbed robbeth
robber robbers
robe robes
rock rocks
rod rods
roe roes
roebuck roebucks
roll rolled rolleth rolling rolls
roman romans
roof roofs
room rooms
root rooted roots
rope ropes
row rowed rowing rows
ruin ruined ruins
rule ruled rulest ruleth ruling
ruler rulers
rumour rumours
rush rushed rushes rusheth rushing
sabbath sabbaths
sack sacks
sacrifice sacrificed sacrificedst sacrifices sacrificeth sacrificing
saddle saddled
sail sailed sailing
saint saints
sake sakes
salt salted
salutation salutations
salute saluted saluteth
samaritan samaritans
sanctify sanctified sanctifieth
sanctuary sanctuaries
sapphire sapphires
satiate satiated
satisfy satisfied satisfiest satisfieth satisfying
satyr satyrs
save saved savest saveth saving
saviour saviours
savour savourest savours
scab scabbed
scatter scattered scattereth scattering
sceptre sceptres
scorch scorched
scorn scornest scorneth scorning
scorner scorners
scorpion scorpions
scourge scourged scourges scourgeth scourging
scourging scourgings
scrape scraped
scribe scribes
scripture scriptures
sea seas
seal sealed sealest sealeth sealing seals
search searched searchest searcheth searching
searching searchings
season seasoned seasons
seat seated seats
secret secrets
sedition seditions
seduce seduced seduceth seducing
seed seeds
seem seemed seemeth
seer seers
seethe seething
seize seized
selfwill selfwilled
seller sellers
sense senses
sentence sentences
separate separated separateth separating
sepulchre sepulchres
serpent serpents
servant servants
serve served servedst servest serveth serving
settle settled settlest
seven sevens
sever severed
sew sewed sewest seweth
shadow shadowing shadows
shame shamed shameth
shape shapes
sharpen sharpened sharpeneth
shave shaved
shear shearing
shearer shearers
sheepcote sheepcotes
sheepfold sheepfolds
sheet sheets
shekel shekels
shepherd shepherds
sherd sherds
shield shields
shilonite shilonites
ship shipping ships
shock shocks
shoe shoes
shoot shooteth shooting
shoulder shoulders
shout shouted shouteth shouting
shouting shoutings
shovel shovels
shower showers
shun shunned
shut shutteth shutting
sickness sicknesses
side sides
sift sifted
sigh sighed sighest sigheth sighing sighs
sight sights
sign signed signs
signet signets
signify signified signifieth signifying
similitude similitudes
sin sinned sinnest sinneth sinning sins
sinew sinews
singer singers
sinner sinners
sir sirs
sister sisters
skin skins
skip skipped skippedst skipping
skirt skirts
sky skies
slack slacked
slander slandered slanderest slandereth slanders
slave slaves
sleep sleepest sleepeth sleeping
slide slideth
sling slings
slip slipped slippeth slips
slumber slumbered slumbereth
small smallest
smell smelled smelleth smelling
smith smiths
smoke smoking
smooth smootheth
snare snared snares
socket sockets
sodomite sodomites
sojourn sojourned sojourneth sojourning
sojourner sojourners
soldier soldiers
sole soles
solemnity solemnities
sometime sometimes
son sons
song songs
soothsayer soothsayers
sorcerer sorcerers
sorcery sorceries
sorrow sorrowed sorroweth sorrowing sorrows
sort sorts
soul souls
sound sounded soundeth sounding sounds
sow sowed sowedst sowest soweth sowing
span spanned
spare spared spareth sparing
spark sparks
sparrow sparrows
spear spears
speech speeches
spice spiced spices
spirit spirits
spit spitted spitting
spoil spoiled spoilest spoileth spoiling spoils
spoiler spoilers
spoon spoons
sport sporting
spot spots spotted
spouse spouses
sprinkle sprinkled sprinkleth sprinkling
spue spued
spy spied spies
square squared squares
stablish stablished stablisheth
stagger staggered staggereth
stalk stalks
stall stalled stalls
stamp stamped stamping
standard standards
star stars
statute statutes
stay stayed stayeth stays
stead steads
step stepped steppeth steps
steward stewards
stick sticketh sticks
still stilled stillest stilleth
sting stingeth stings
stink stinketh stinking
stir stirred stirreth stirs
stock stocks
stone stoned stones stonest stoning
stool stools
stoop stooped stoopeth stooping
stop stopped stoppeth
storehouse storehouses
story stories
strait straitest straits
straiten straitened straiteneth
strake strakes
stranger strangers
straw strawed
stream streams
street streets
strengthen strengthened strengthenedst strengtheneth strengthening
stretch stretched stretchedst stretchest stretcheth stretching
strife strifes
string stringed strings
strip stripped
stripe stripes
stroke strokes
strong strongest
study studieth
stumble stumbled stumbleth stumbling
stumblingblock stumblingblocks
subdue subdued subduedst subdueth
subject subjected
submit submitted submitting
subscribe subscribed
subvert subverted subverting
succeed succeeded succeedest
succour succoured
suck sucked sucking
suckling sucklings
suffer suffered sufferest suffereth suffering
suffering sufferings
suffice sufficed sufficeth
suit suits
sunder sundered
sup supped
supplant supplanted
supplication supplications
supply supplied supplieth
suppose supposed supposing
surety sureties
surname surnamed
sustain sustained
swallow swallowed swalloweth
swarm swarms
sweep sweeping
swell swelled swelling
swelling swellings
swim swimmest swimmeth
swoon swooned
sword swords
sycomore sycomores
synagogue synagogues
syrian syrians
tabernacle tabernacles
table tables
tabret tabrets
tackling tacklings
tail tails
tale tales
talent talents
talk talked talkest talketh talking
tame tamed
tare tares
target targets
tarry tarried tarriest tarrieth tarrying
task tasks
taste tasted tasteth
taunt taunting
teacher teachers
tear teareth tears
tekoite tekoites
temanite temanites
temper tempered
temple temples
tempt tempted tempteth tempting
temptation temptations
ten tens
tend tendeth
tent tents
terrify terrified terrifiest
terror terrors
testify testified testifiedst testifieth testifying
testimony testimonies
thank thanked thanking thanks
thanksgiving thanksgivings
theft thefts
thicket thickets
thigh thighs
thing things
thirst thirsted thirsteth
thirty thirtieth
thistle thistles
thorn thorns
thousand thousands
threaten threatened threatening
threatening threatenings
thresh threshed thresheth threshing
threshingfloor threshingfloors
threshold thresholds
throne thrones
throng thronged thronging
thrust thrusteth
thumb thumbs
thunder thundered thundereth thunders
tie tied
til tilled tillest tilleth
tile tiling
till tilled tillest tilleth
timbrel timbrels
time times
tire tired tires
tithe tithes tithing
title titles
toe toes
toil toiled toiling
token tokens
tomb tombs
tongue tongues
top tops
torch torches
torment tormented torments
toss tossed
touch touched toucheth touching
tower towers
town towns
trade traded trading
tradition traditions
train trained
traitor traitors
transgress transgressed transgressest transgresseth transgressing
transgression transgressions
transgressor transgressors
translate translated
trap traps
travail travailed travailest travaileth travailing
travel travelled travelleth travelling
treader treaders
treasure treasured treasures treasurest
treasurer treasurers
treasury treasuries
tree trees
tremble trembled trembleth trembling
trespass trespassed trespasses trespassing
tribe tribes
tribulation tribulations
tributary tributaries
triumph triumphed triumphing
troop troops
trouble troubled troubledst troubles troublest troubleth troubling
trough troughs
trumpet trumpets
trust trusted trustedst trustest trusteth trusting
try tried triest trieth trying
tumult tumults
turn turned turnest turneth turning
turtle turtles
turtledove turtledoves
twenty twentieth
uncleanness uncleannesses
uncover uncovered uncovereth
unicorn unicorns
unite united
upbraid upbraided upbraideth
urge urged
use used uses usest useth using
utter uttered uttereth uttering
vagabond vagabonds
vail vails
valiant valiantest
valley valleys
value valued valuest
vanish vanished vanisheth
vanity vanities
vapour vapours
vaunt vaunteth
vessel vessels
vesture vestures
vex vexed
vexation vexations
vial vials
victual victuals
view viewed
vile vilest
village villages
vine vines
vineyard vineyards
viol viols
viper vipers
virgin virgins
vision visions
visit visited visitest visiteth visiting
voice voices
vomit vomited vomiteth
vow vowed vowedst vowest voweth vows
vulture vultures
wafer wafers
wag wagging
wagon wagons
wail wailed wailing
wait waited waiteth waiting
walk walked walkedst walkest walketh walking
wall walled walls
wallow wallowed wallowing
wander wandered wanderest wandereth wandering
wandering wanderings
want wanted wanteth wanting wants
war warred warreth warring wars
ward wards
warm warmed warmeth warming
warn warned warning
warrior warriors
wash washed washest washing
washing washings
waste wasted wastes wasteth wasting
watch watched watches watcheth watching
watcher watchers
watching watchings
water watered wateredst waterest watereth watering waters
waterpot waterpots
wave waved waves
wax waxed waxeth waxing
way ways
weaken weakened weakeneth
weapon weapons
weary wearied wearieth
web webs
week weeks
weigh weighed weigheth weighing
weight weights
well wells
whale whales
wheel wheels
whelp whelps
while whiles
whip whips
whirlwind whirlwinds
whisper whispered
whisperer whisperers
white whited
whore whores whoring
whoredom whoredoms
whoremonger whoremongers
widow widows
willow willows
wind winding winds
window windows
wine wines
winebibber winebibbers
winepress winepresses
wing winged wings
wink winked winketh
winter wintered
wipe wiped wipeth wiping
wish wished wishing
witchcraft witchcrafts
withdraw withdrawest withdraweth
wither withered withereth
witness witnessed witnesses witnesseth witnessing
wizard wizards
woe woes
womb wombs
wonder wondered wondering wonders
wood woods
word words
work worketh working works
worker workers
world worlds
worm worms
worship worshipped worshippeth worshipping
worshipper worshippers
worthy worthies
wot wotteth
wound wounded woundedst woundeth wounding wounds
wrap wrapped
wrath wraths
wreath wreathed wreaths
wrestle wrestled
wring wringed wringing
wrinkle wrinkles
wrong wronged wrongeth
wrought wroughtest
year years
yearn yearned
yell yelled
yield yielded yieldeth yielding
yoke yoked yokes
young youngest
youth youths
zer zered zereth
be am is are art was were wast wert been being
have has hath hast had hadst having
do does doth doeth dost doest did didst done doing
go goes goeth goest going gone went wentest
say says saith sayest said saidst saying
come comes cometh comest coming came camest
become becomes becometh becomest becoming became
overcome overcomes overcometh overcomest overcoming overcame
give gives giveth givest giving gave gavest given
forgive forgives forgiveth forgivest forgiving forgave forgavest forgiven
take takes taketh takest taking took tookest taken
partake partakes partaketh partakest partaking partook partaken
forsake forsakes forsaketh forsakest forsaking forsook forsookest forsaken
see sees seeth seest seeing saw sawest seen
know knows knoweth knowest knowing knew knewest known
make makes maketh makest making made madest
speak speaks speaketh speakest speaking spake spoke spakest spoken
eat eats eateth eatest eating ate eaten
bring brings bringeth bringest bringing brought broughtest
buy buys buyeth buyest buying bought
think thinks thinketh thinkest thinking thought thoughtest
teach teaches teacheth teachest teaching taught taughtest
seek seeks seeketh seekest seeking sought
fight fights fighteth fightest fighting fought
fall falls falleth fallest falling fell fellest fallen
rise rises riseth risest rising rose rosest risen
arise arises ariseth arisest arising arose arisen
write writes writeth writest writing wrote writtest written
drink drinks drinketh drinkest drinking drank drunk drunken
sing sings singeth singest singing sang sung
begin begins beginneth beginnest beginning began begun
hide hides hideth hidest hiding hid hidden
lay lays layeth layest laying laid laidst
flee flees fleeth fleest fleeing fled
feed feeds feedeth feedest feeding fed
lead leads leadeth leadest leading led
hear hears heareth hearest hearing heard heardest
tell tells telleth tellest telling told toldest
sell sells selleth sellest selling sold
stand stands standeth standest standing stood
understand understands understandeth understandest understanding understood
withstand withstands withstandeth withstanding withstood
sit sits sitteth sittest sitting sat
run runs runneth runnest running ran
bear bears beareth bearest bearing bare borne
break breaks breaketh breakest breaking brake broke broken
choose chooses chooseth choosest choosing chose chosen
get gets getteth gettest getting gat got gotten
beget begets begetteth begettest begetting begat begotten
hold holds holdeth holdest holding held
behold beholds beholdeth beholdest beholding beheld
withhold withholds withholdeth withholdest withholding withheld
uphold upholds upholdeth upholdest upholding upheld
keep keeps keepeth keepest keeping kept
lose loses loseth losest losing lost
mean means meaneth meanest meaning meant
meet meets meeteth meetest meeting met
pay pays payeth payest paying paid
send sends sendeth sendest sending sent sentest
spend spends spendeth spendest spending spent
lend lends lendeth lendest lending lent
bend bends bendeth bendest bending bent
shine shines shineth shinest shining shone shined
slay slays slayeth slayest slaying slew slewest slain
smite smites smiteth smitest smiting smote smotest smitten
steal steals stealeth stealest stealing stole stolen
strike strikes striketh strikest striking struck stricken
swear swears sweareth swearest swearing sware swore sworn
throw throws throweth throwest throwing threw thrown
wear wears weareth wearest wearing ware wore worn
weep weeps weepeth weepest weeping wept
win wins winneth winnest winning won
awake awakes awaketh awakest awaking awoke awaked
bind binds bindeth bindest binding bound
bite bites biteth bitest biting bit bitten
blow blows bloweth blowest blowing blew blown
build builds buildeth buildest building built buildedst
catch catches catcheth catchest catching caught
cleave cleaves cleaveth cleavest cleaving clave cleft cloven
creep creeps creepeth creepest creeping crept
deal deals dealeth dealest dealing dealt
dig digs diggeth diggest digging digged dug
draw draws draweth drawest drawing drew drawn
drive drives driveth drivest driving drave drove driven
dwell dwells dwelleth dwellest dwelling dwelt
feel feels feeleth feelest feeling felt
find finds findeth findest finding found foundest
fly flies flieth fliest flying flew flown
forget forgets forgetteth forgettest forgetting forgat forgot forgotten
grow grows groweth growest growing grew grown
hang hangs hangeth hangest hanging hanged hung
ride rides rideth ridest riding rode ridden
shake shakes shaketh shakest shaking shook shaken
shew shews sheweth shewest shewing shewed shewedst shewn
show shows showeth showest showing showed shown
spring springs springeth springing sprang sprung
strive strives striveth strivest striving strove striven
tread treads treadeth treadest treading trod trodden
wake wakes waketh wakest waking woke waked
weave weaves weaveth weaving wove woven
cast casts casteth castest casting
put puts putteth puttest putting
set sets setteth settest setting
cut cuts cutteth cuttest cutting
hurt hurts hurteth hurtest hurting
shed sheds sheddeth sheddest shedding
spread spreads spreadeth spreadest spreading
beat beats beateth beatest beating beaten
abide abides abideth abidest abiding abode
can canst could couldest
will wilt would wouldest
shall shalt should shouldest
dare dared durst
lie lies lieth liest lying lied
die dies dieth diest dying died
man men
woman women
child children
brother brethren brothers
foot feet
tooth teeth
ox oxen
mouse mice
goose geese
cow cows kine
